stem,oracle,n_gt,error_T0,utility_T0,fp_T0,fn_T0,tp_T0,error_T4,utility_T4,fp_T4,fn_T4,tp_T4,t4_harms,t4_helps
Marseille_Cam1_16_23_22_10_11_2020.mp4_00504.jpg_Cam1_16_23_22_10_11_2020.mp4_00504,T0,4,0.7804025445992222,0.2195974554007778,0,3,1,0.777931212208795,0.172068787791205,0,3,1,0,1
Marseille_Cam1_16_23_22_10_11_2020.mp4_00505.jpg_Cam1_16_23_22_10_11_2020.mp4_00505,T0,1,0.13402685980867104,0.865973140191329,0,0,1,0.12114264848277889,0.8288573515172211,0,0,1,0,1
Marseille_Cam1_16_23_22_10_11_2020.mp4_00514.jpg_Cam1_16_23_22_10_11_2020.mp4_00514,T0,1,0.0673204858888605,0.9326795141111395,0,0,1,0.04622307580693697,0.903776924193063,0,0,1,0,1
Marseille_Cam1_16_23_22_10_11_2020.mp4_00529.jpg_Cam1_16_23_22_10_11_2020.mp4_00529,T0,1,0.052106848834281634,0.9478931511657184,0,0,1,0.05539144808408793,0.894608551915912,0,0,1,1,0
Marseille_Cam1_16_23_22_10_11_2020.mp4_00540.jpg_Cam1_16_23_22_10_11_2020.mp4_00540,T0,1,0.0150571131095163,0.9849428868904837,0,0,1,0.014042043624551985,0.935957956375448,0,0,1,0,1
Marseille_Cam1_16_23_22_10_11_2020.mp4_00549.jpg_Cam1_16_23_22_10_11_2020.mp4_00549,T0,1,0.08268413404259728,0.9173158659574028,0,0,1,0.08730422554315352,0.8626957744568464,0,0,1,1,0
Marseille_Cam1_16_23_22_10_11_2020.mp4_00551.jpg_Cam1_16_23_22_10_11_2020.mp4_00551,T0,2,0.5166873420283288,0.4833126579716712,0,1,1,0.5143964303702722,0.43560356962972785,0,1,1,0,1
Marseille_Cam1_16_23_22_10_11_2020.mp4_00552.jpg_Cam1_16_23_22_10_11_2020.mp4_00552,T0,1,0.0404877410670622,0.9595122589329378,0,0,1,0.0458903982106898,0.9041096017893102,0,0,1,1,0
Marseille_Cam1_16_23_22_10_11_2020.mp4_00555.jpg_Cam1_16_23_22_10_11_2020.mp4_00555,T4,1,0.5238268782776971,0.47617312172230286,1,0,1,0.06389638075803104,0.8861036192419689,0,0,1,0,1
Marseille_Cam1_16_23_22_10_11_2020.mp4_00556.jpg_Cam1_16_23_22_10_11_2020.mp4_00556,T0,1,0.07542657366896142,0.9245734263310386,0,0,1,0.08898781193722335,0.8610121880627766,0,0,1,1,0
Marseille_Cam1_16_23_22_10_11_2020.mp4_00559.jpg_Cam1_16_23_22_10_11_2020.mp4_00559,T0,1,0.0656520028668712,0.9343479971331288,0,0,1,0.09321881118610469,0.8567811888138953,0,0,1,1,0
Marseille_Cam1_16_23_22_10_11_2020.mp4_00578.jpg_Cam1_16_23_22_10_11_2020.mp4_00578,T0,1,0.08629835370054072,0.9137016462994593,0,0,1,0.0601887185485628,0.8898112814514372,0,0,1,0,1
Marseille_Cam1_16_23_22_10_11_2020.mp4_00584.jpg_Cam1_16_23_22_10_11_2020.mp4_00584,T0,1,0.054114055945536386,0.9458859440544636,0,0,1,0.04057910725126684,0.9094208927487332,0,0,1,0,1
Marseille_Cam1_16_23_22_10_11_2020.mp4_00586.jpg_Cam1_16_23_22_10_11_2020.mp4_00586,T0,1,0.027197938422676964,0.9728020615773231,0,0,1,0.04049039317858125,0.9095096068214187,0,0,1,1,0
Marseille_Cam1_16_23_22_10_11_2020.mp4_00590.jpg_Cam1_16_23_22_10_11_2020.mp4_00590,T0,2,0.5240354594508325,0.4759645405491675,0,1,1,0.5163380337708369,0.43366196622916314,0,1,1,0,1
Marseille_Cam1_16_23_22_10_11_2020.mp4_00593.jpg_Cam1_16_23_22_10_11_2020.mp4_00593,T0,1,0.08086516166042104,0.919134838339579,0,0,1,0.07815932601753373,0.8718406739824662,0,0,1,0,1
Marseille_Cam1_16_23_22_10_11_2020.mp4_00604.jpg_Cam1_16_23_22_10_11_2020.mp4_00604,T0,1,0.06685216941386013,0.9331478305861398,0,0,1,0.09936681864131228,0.8506331813586877,0,0,1,1,0
Marseille_Cam1_16_23_22_10_11_2020.mp4_00618.jpg_Cam1_16_23_22_10_11_2020.mp4_00618,T0,1,0.09919461574213619,0.9008053842578638,0,0,1,0.09491635096582023,0.8550836490341798,0,0,1,0,1
Marseille_Cam1_16_23_22_10_11_2020.mp4_00628.jpg_Cam1_16_23_22_10_11_2020.mp4_00628,T0,1,0.0627071022450359,0.9372928977549642,0,0,1,0.040140393210432196,0.9098596067895678,0,0,1,0,1
Marseille_Cam1_16_23_22_10_11_2020.mp4_00631.jpg_Cam1_16_23_22_10_11_2020.mp4_00631,T0,1,0.04296113029190255,0.9570388697080975,0,0,1,0.061281986336839164,0.8887180136631608,0,0,1,1,0
Marseille_Cam1_16_23_22_10_11_2020.mp4_00632.jpg_Cam1_16_23_22_10_11_2020.mp4_00632,T0,1,0.035354903667429,0.964645096332571,0,0,1,0.05829451676666531,0.8917054832333347,0,0,1,1,0
Marseille_Cam1_16_23_22_10_11_2020.mp4_00642.jpg_Cam1_16_23_22_10_11_2020.mp4_00642,T0,1,0.1291206385626423,0.8708793614373577,0,0,1,0.1273158139922829,0.8226841860077171,0,0,1,0,1
Marseille_Cam1_16_23_22_10_11_2020.mp4_00643.jpg_Cam1_16_23_22_10_11_2020.mp4_00643,T0,1,0.1414935225891194,0.8585064774108806,0,0,1,0.5639164394349319,0.38608356056506815,1,0,1,1,0
Marseille_Cam1_16_23_22_10_11_2020.mp4_00646.jpg_Cam1_16_23_22_10_11_2020.mp4_00646,T0,1,0.14168497456377102,0.858315025436229,0,0,1,0.5701492496015839,0.37985075039841615,1,0,1,1,0
Marseille_Cam1_16_23_22_10_11_2020.mp4_00649.jpg_Cam1_16_23_22_10_11_2020.mp4_00649,T0,1,0.04327104886372967,0.9567289511362703,0,0,1,0.06218234514553025,0.8878176548544697,0,0,1,1,0
Marseille_Cam1_16_23_22_10_11_2020.mp4_00650.jpg_Cam1_16_23_22_10_11_2020.mp4_00650,T0,1,0.04634206251064445,0.9536579374893556,0,0,1,0.046395740568902076,0.9036042594310979,0,0,1,1,0
Marseille_Cam1_16_23_22_10_11_2020.mp4_00656.jpg_Cam1_16_23_22_10_11_2020.mp4_00656,T0,1,0.13804191601515636,0.8619580839848436,0,0,1,0.1057559673486955,0.8442440326513044,0,0,1,0,1
Marseille_Cam1_16_23_22_10_11_2020.mp4_00658.jpg_Cam1_16_23_22_10_11_2020.mp4_00658,T0,2,0.5122539752952572,0.4877460247047428,0,1,1,0.5191161955209331,0.4308838044790669,0,1,1,1,0
Marseille_Cam1_16_23_22_10_11_2020.mp4_00659.jpg_Cam1_16_23_22_10_11_2020.mp4_00659,T0,1,0.10784186605425244,0.8921581339457476,0,0,1,0.1118579047579292,0.8381420952420707,0,0,1,1,0
Marseille_Cam1_16_23_22_10_11_2020.mp4_00662.jpg_Cam1_16_23_22_10_11_2020.mp4_00662,T0,1,0.09760996021413172,0.9023900397858683,0,0,1,0.12133693510139605,0.8286630648986039,0,0,1,1,0
Marseille_Cam1_16_23_22_10_11_2020.mp4_00664.jpg_Cam1_16_23_22_10_11_2020.mp4_00664,T0,1,0.09553236837617816,0.9044676316238218,0,0,1,0.09683858782417354,0.8531614121758264,0,0,1,1,0
Marseille_Cam1_16_23_22_10_11_2020.mp4_00666.jpg_Cam1_16_23_22_10_11_2020.mp4_00666,T0,1,0.06554489024405258,0.9344551097559475,0,0,1,0.09067167581980187,0.8593283241801981,0,0,1,1,0
Marseille_Cam1_16_23_22_10_11_2020.mp4_00668.jpg_Cam1_16_23_22_10_11_2020.mp4_00668,T0,1,0.0884961736367351,0.9115038263632649,0,0,1,0.07517039011729212,0.8748296098827079,0,0,1,0,1
Marseille_Cam1_16_23_22_10_11_2020.mp4_00671.jpg_Cam1_16_23_22_10_11_2020.mp4_00671,T0,1,0.014605153255218328,0.9853948467447817,0,0,1,0.037424530352984556,0.9125754696470154,0,0,1,1,0
Marseille_Cam1_16_23_22_10_11_2020.mp4_00673.jpg_Cam1_16_23_22_10_11_2020.mp4_00673,T0,1,0.19389291549047652,0.8061070845095235,0,0,1,0.19892292841933062,0.7510770715806694,0,0,1,1,0
Marseille_Cam1_16_23_22_10_11_2020.mp4_00682.jpg_Cam1_16_23_22_10_11_2020.mp4_00682,T0,1,0.31156860319742147,0.6884313968025786,0,0,1,0.28639253159297773,0.6636074684070222,0,0,1,0,1
Marseille_Cam1_16_23_22_10_11_2020.mp4_00683.jpg_Cam1_16_23_22_10_11_2020.mp4_00683,T0,1,0.08805700242733709,0.911942997572663,0,0,1,0.10325082370608227,0.8467491762939177,0,0,1,1,0
Marseille_Cam1_16_23_22_10_11_2020.mp4_00684.jpg_Cam1_16_23_22_10_11_2020.mp4_00684,T0,1,0.10567108397063277,0.8943289160293673,0,0,1,0.11867384375656853,0.8313261562434314,0,0,1,1,0
Marseille_Cam1_16_23_22_10_11_2020.mp4_00691.jpg_Cam1_16_23_22_10_11_2020.mp4_00691,T0,1,0.11925089167241504,0.8807491083275849,0,0,1,0.12463366617028915,0.8253663338297108,0,0,1,1,0
Marseille_Cam1_16_23_22_10_11_2020.mp4_00701.jpg_Cam1_16_23_22_10_11_2020.mp4_00701,T0,1,0.184969175796131,0.815030824203869,0,0,1,0.19803554469391965,0.7519644553060802,0,0,1,1,0
Marseille_Cam1_16_23_22_10_11_2020.mp4_00703.jpg_Cam1_16_23_22_10_11_2020.mp4_00703,T0,1,0.10882069683628488,0.8911793031637151,0,0,1,0.09490621063910303,0.855093789360897,0,0,1,0,1
Marseille_Cam1_16_23_22_10_11_2020.mp4_00705.jpg_Cam1_16_23_22_10_11_2020.mp4_00705,T0,1,0.10237047835087029,0.8976295216491297,0,0,1,0.10554713531293008,0.8444528646870699,0,0,1,1,0
Marseille_Cam1_16_23_22_10_11_2020.mp4_00712.jpg_Cam1_16_23_22_10_11_2020.mp4_00712,T0,1,0.05580510704191238,0.9441948929580877,0,0,1,0.07675012371071344,0.8732498762892865,0,0,1,1,0
Marseille_Cam1_16_23_22_10_11_2020.mp4_00713.jpg_Cam1_16_23_22_10_11_2020.mp4_00713,T0,1,0.03442044764456427,0.9655795523554357,0,0,1,0.033064059176161384,0.9169359408238386,0,0,1,0,1
Marseille_Cam1_16_23_22_10_11_2020.mp4_00727.jpg_Cam1_16_23_22_10_11_2020.mp4_00727,T0,1,0.09110576700887334,0.9088942329911267,0,0,1,0.08182051820086328,0.8681794817991366,0,0,1,0,1
Marseille_Cam1_16_23_22_10_11_2020.mp4_00735.jpg_Cam1_16_23_22_10_11_2020.mp4_00735,T0,1,0.5311856885905784,0.46881431140942165,1,0,1,0.5230690425789419,0.4269309574210581,1,0,1,0,1
Marseille_Cam1_16_23_22_10_11_2020.mp4_00748.jpg_Cam1_16_23_22_10_11_2020.mp4_00748,T0,2,0.07657054647145765,0.9234294535285423,0,0,2,0.0610457841994842,0.8889542158005157,0,0,2,0,1
Marseille_Cam1_16_23_22_10_11_2020.mp4_00760.jpg_Cam1_16_23_22_10_11_2020.mp4_00760,T0,2,0.07155690782564927,0.9284430921743507,0,0,2,0.07796039165052067,0.8720396083494792,0,0,2,1,0
Marseille_Cam1_16_23_22_10_11_2020.mp4_00764.jpg_Cam1_16_23_22_10_11_2020.mp4_00764,T0,2,0.04596821041358464,0.9540317895864153,0,0,2,0.034880530985325134,0.9151194690146748,0,0,2,0,1
Marseille_Cam1_16_23_22_10_11_2020.mp4_00774.jpg_Cam1_16_23_22_10_11_2020.mp4_00774,T0,2,0.035625998535857656,0.9643740014641423,0,0,2,0.02947413135367588,0.920525868646324,0,0,2,0,1
Marseille_Cam1_16_23_22_10_11_2020.mp4_00783.jpg_Cam1_16_23_22_10_11_2020.mp4_00783,T0,2,0.03762186397638316,0.9623781360236169,0,0,2,0.040740612030830105,0.9092593879691698,0,0,2,1,0
Marseille_Cam1_16_23_22_10_11_2020.mp4_00788.jpg_Cam1_16_23_22_10_11_2020.mp4_00788,T0,2,0.04726360160279529,0.9527363983972047,0,0,2,0.06000984180175404,0.8899901581982459,0,0,2,1,0
Marseille_Cam1_16_23_22_10_11_2020.mp4_00804.jpg_Cam1_16_23_22_10_11_2020.mp4_00804,T0,2,0.08583792640687883,0.9141620735931212,0,0,2,0.07847642643805659,0.8715235735619433,0,0,2,0,1
Marseille_Cam1_16_23_22_10_11_2020.mp4_00808.jpg_Cam1_16_23_22_10_11_2020.mp4_00808,T0,2,0.14102834174014228,0.8589716582598577,0,0,2,0.11371999158465532,0.8362800084153447,0,0,2,0,1
Marseille_Cam1_16_23_22_10_11_2020.mp4_00811.jpg_Cam1_16_23_22_10_11_2020.mp4_00811,T0,2,0.10209267655519004,0.89790732344481,0,0,2,0.08899072933049473,0.8610092706695052,0,0,2,0,1
Marseille_Cam1_16_23_22_10_11_2020.mp4_00830.jpg_Cam1_16_23_22_10_11_2020.mp4_00830,T0,4,0.3067516974598539,0.6932483025401461,0,1,3,0.3087915540870769,0.641208445912923,0,1,3,1,0
Marseille_Cam1_16_23_22_10_11_2020.mp4_00835.jpg_Cam1_16_23_22_10_11_2020.mp4_00835,T0,3,0.09892913780801317,0.9010708621919868,0,0,3,0.10982116914400046,0.8401788308559995,0,0,3,1,0
Marseille_Cam1_16_23_22_10_11_2020.mp4_00840.jpg_Cam1_16_23_22_10_11_2020.mp4_00840,T0,3,0.08341035102751919,0.9165896489724809,0,0,3,0.10587820694231755,0.8441217930576824,0,0,3,1,0
Marseille_Cam1_16_23_22_10_11_2020.mp4_00841.jpg_Cam1_16_23_22_10_11_2020.mp4_00841,T0,3,0.083251467946542,0.916748532053458,0,0,3,0.10197409255271592,0.848025907447284,0,0,3,1,0
Marseille_Cam1_16_23_22_10_11_2020.mp4_00842.jpg_Cam1_16_23_22_10_11_2020.mp4_00842,T0,4,0.31661378993954187,0.6833862100604582,0,1,3,0.32650044665800404,0.6234995533419959,0,1,3,1,0
Marseille_Cam1_16_23_22_10_11_2020.mp4_00845.jpg_Cam1_16_23_22_10_11_2020.mp4_00845,T0,3,0.11121022174224783,0.8887897782577522,0,0,3,0.09932341610796488,0.850676583892035,0,0,3,0,1
Marseille_Cam1_16_23_22_10_11_2020.mp4_00853.jpg_Cam1_16_23_22_10_11_2020.mp4_00853,T0,1,0.1993289060521669,0.8006710939478331,0,0,1,0.2134666014201908,0.7365333985798092,0,0,1,1,0
Marseille_Cam1_16_23_22_10_11_2020.mp4_00862.jpg_Cam1_16_23_22_10_11_2020.mp4_00862,T0,1,0.20870046670835352,0.7912995332916465,0,0,1,0.23858108400274672,0.7114189159972533,0,0,1,1,0
Marseille_Cam1_16_23_22_10_11_2020.mp4_00993.jpg_Cam1_16_23_22_10_11_2020.mp4_00993,T0,1,0.10829686976745483,0.8917031302325452,0,0,1,0.14679800500214776,0.8032019949978522,0,0,1,1,0
Marseille_Cam1_16_23_22_10_11_2020.mp4_00994.jpg_Cam1_16_23_22_10_11_2020.mp4_00994,T0,1,0.1529746454427746,0.8470253545572254,0,0,1,0.1605759810922146,0.7894240189077854,0,0,1,1,0
Marseille_Cam1_16_23_22_10_11_2020.mp4_00997.jpg_Cam1_16_23_22_10_11_2020.mp4_00997,T0,1,0.06779069039060394,0.9322093096093961,0,0,1,0.06193049875713406,0.8880695012428659,0,0,1,0,1
Marseille_Cam1_16_23_22_10_11_2020.mp4_01021.jpg_Cam1_16_23_22_10_11_2020.mp4_01021,T0,1,0.10166862993938477,0.8983313700606153,0,0,1,0.1210350401694325,0.8289649598305675,0,0,1,1,0
Marseille_Cam1_16_23_22_10_11_2020.mp4_01025.jpg_Cam1_16_23_22_10_11_2020.mp4_01025,T4,1,0.16473251173616169,0.8352674882638383,0,0,1,0.10097344512189348,0.8490265548781065,0,0,1,0,1
Marseille_Cam1_16_23_22_10_11_2020.mp4_01039.jpg_Cam1_16_23_22_10_11_2020.mp4_01039,T0,1,0.07371880035395978,0.9262811996460403,0,0,1,0.07499745230592397,0.8750025476940759,0,0,1,1,0
Marseille_Cam1_16_23_22_10_11_2020.mp4_01040.jpg_Cam1_16_23_22_10_11_2020.mp4_01040,T0,1,0.08882536574242295,0.911174634257577,0,0,1,0.09930581682568737,0.8506941831743126,0,0,1,1,0
Marseille_Cam1_16_24_32_10_11_2020.mp4_00258.jpg_Cam1_16_24_32_10_11_2020.mp4_00258,T0,1,0.12936568328977482,0.8706343167102252,0,0,1,0.16586195307181784,0.7841380469281821,0,0,1,1,0
Marseille_Cam1_16_24_32_10_11_2020.mp4_00266.jpg_Cam1_16_24_32_10_11_2020.mp4_00266,T0,1,0.11733779528316733,0.8826622047168327,0,0,1,0.0953367627661828,0.8546632372338172,0,0,1,0,1
Marseille_Cam1_16_24_32_10_11_2020.mp4_00267.jpg_Cam1_16_24_32_10_11_2020.mp4_00267,T0,1,0.12658857372487867,0.8734114262751214,0,0,1,0.14216592454493565,0.8078340754550644,0,0,1,1,0
Marseille_Cam1_16_24_32_10_11_2020.mp4_00271.jpg_Cam1_16_24_32_10_11_2020.mp4_00271,T0,1,0.10244917482108651,0.8975508251789135,0,0,1,0.13706898471735995,0.81293101528264,0,0,1,1,0
Marseille_Cam1_16_24_32_10_11_2020.mp4_00282.jpg_Cam1_16_24_32_10_11_2020.mp4_00282,T0,1,0.1256154191458005,0.8743845808541995,0,0,1,0.10051902417206254,0.8494809758279374,0,0,1,0,1
Marseille_Cam1_16_24_32_10_11_2020.mp4_00289.jpg_Cam1_16_24_32_10_11_2020.mp4_00289,T0,1,0.133679418704495,0.866320581295505,0,0,1,0.126244863584415,0.823755136415585,0,0,1,0,1
Marseille_Cam1_16_24_32_10_11_2020.mp4_00293.jpg_Cam1_16_24_32_10_11_2020.mp4_00293,T0,1,0.18676755561692,0.8132324443830801,0,0,1,0.1969930425767464,0.7530069574232535,0,0,1,1,0
Marseille_Cam1_16_24_32_10_11_2020.mp4_00299.jpg_Cam1_16_24_32_10_11_2020.mp4_00299,T0,1,0.1586276873812456,0.8413723126187544,0,0,1,0.18735068639360034,0.7626493136063996,0,0,1,1,0
Marseille_Cam1_16_24_32_10_11_2020.mp4_00305.jpg_Cam1_16_24_32_10_11_2020.mp4_00305,T0,1,0.05549479802328046,0.9445052019767195,0,0,1,0.0347201939361983,0.9152798060638017,0,0,1,0,1
Marseille_Cam1_16_24_32_10_11_2020.mp4_00306.jpg_Cam1_16_24_32_10_11_2020.mp4_00306,T0,1,0.06051697853430849,0.9394830214656915,0,0,1,0.06704971672371268,0.8829502832762872,0,0,1,1,0
Marseille_Cam1_16_24_32_10_11_2020.mp4_00321.jpg_Cam1_16_24_32_10_11_2020.mp4_00321,T0,1,0.02673887265168908,0.9732611273483109,0,0,1,0.05015790990256256,0.8998420900974374,0,0,1,1,0
Marseille_Cam1_16_24_32_10_11_2020.mp4_00336.jpg_Cam1_16_24_32_10_11_2020.mp4_00336,T0,1,0.09512857954211333,0.9048714204578867,0,0,1,0.06879934149572549,0.8812006585042744,0,0,1,0,1
Marseille_Cam1_16_24_32_10_11_2020.mp4_00339.jpg_Cam1_16_24_32_10_11_2020.mp4_00339,T0,1,0.06710715863746172,0.9328928413625382,0,0,1,0.06588521714030952,0.8841147828596905,0,0,1,0,1
Marseille_Cam1_16_24_32_10_11_2020.mp4_00345.jpg_Cam1_16_24_32_10_11_2020.mp4_00345,T0,1,0.10042688862354673,0.8995731113764532,0,0,1,0.09608497663730887,0.8539150233626911,0,0,1,0,1
Marseille_Cam1_16_24_32_10_11_2020.mp4_00348.jpg_Cam1_16_24_32_10_11_2020.mp4_00348,T0,1,0.07050306604837166,0.9294969339516284,0,0,1,0.04933892796483417,0.9006610720351658,0,0,1,0,1
Marseille_Cam1_16_24_32_10_11_2020.mp4_00380.jpg_Cam1_16_24_32_10_11_2020.mp4_00380,T0,1,0.055687568062564974,0.944312431937435,0,0,1,0.04644269648119491,0.903557303518805,0,0,1,0,1
Marseille_Cam1_16_24_32_10_11_2020.mp4_00387.jpg_Cam1_16_24_32_10_11_2020.mp4_00387,T0,1,0.05748686697014135,0.9425131330298586,0,0,1,0.02889888439690225,0.9211011156030977,0,0,1,0,1
Marseille_Cam1_16_24_32_10_11_2020.mp4_00393.jpg_Cam1_16_24_32_10_11_2020.mp4_00393,T0,1,0.07293846672636971,0.9270615332736303,0,0,1,0.1019069658788131,0.8480930341211869,0,0,1,1,0
Marseille_Cam1_16_24_32_10_11_2020.mp4_00396.jpg_Cam1_16_24_32_10_11_2020.mp4_00396,T0,1,0.06525551226498734,0.9347444877350126,0,0,1,0.0660920626042858,0.8839079373957142,0,0,1,1,0
Marseille_Cam1_16_24_32_10_11_2020.mp4_00399.jpg_Cam1_16_24_32_10_11_2020.mp4_00399,T0,1,0.09959456635610056,0.9004054336438995,0,0,1,0.10255752766093422,0.8474424723390658,0,0,1,1,0
Marseille_Cam1_16_24_32_10_11_2020.mp4_00404.jpg_Cam1_16_24_32_10_11_2020.mp4_00404,T0,1,0.03341782583410569,0.9665821741658943,0,0,1,0.03920274147471983,0.9107972585252802,0,0,1,1,0
Marseille_Cam1_16_24_32_10_11_2020.mp4_00410.jpg_Cam1_16_24_32_10_11_2020.mp4_00410,T0,1,0.030298572653969846,0.9697014273460302,0,0,1,0.05859581698939697,0.891404183010603,0,0,1,1,0
Marseille_Cam1_16_24_32_10_11_2020.mp4_00419.jpg_Cam1_16_24_32_10_11_2020.mp4_00419,T0,1,0.08069757469292642,0.9193024253070736,0,0,1,0.05941559199344772,0.8905844080065523,0,0,1,0,1
Marseille_Cam1_16_24_32_10_11_2020.mp4_00436.jpg_Cam1_16_24_32_10_11_2020.mp4_00436,T0,1,0.06924480518209368,0.9307551948179064,0,0,1,0.04606576531326379,0.9039342346867362,0,0,1,0,1
Marseille_Cam1_16_24_32_10_11_2020.mp4_00447.jpg_Cam1_16_24_32_10_11_2020.mp4_00447,T0,1,0.04617173249736645,0.9538282675026335,0,0,1,0.029503491125389275,0.9204965088746107,0,0,1,0,1
Marseille_Cam1_16_24_32_10_11_2020.mp4_00449.jpg_Cam1_16_24_32_10_11_2020.mp4_00449,T0,1,0.03125904678941294,0.9687409532105871,0,0,1,0.03024260203006219,0.9197573979699377,0,0,1,0,1
Marseille_Cam1_16_24_32_10_11_2020.mp4_00451.jpg_Cam1_16_24_32_10_11_2020.mp4_00451,T0,1,0.04581363158814242,0.9541863684118576,0,0,1,0.05205831552614695,0.897941684473853,0,0,1,1,0
Marseille_Cam1_16_24_32_10_11_2020.mp4_00470.jpg_Cam1_16_24_32_10_11_2020.mp4_00470,T0,1,0.10052853808306025,0.8994714619169397,0,0,1,0.09082865642207667,0.8591713435779232,0,0,1,0,1
Marseille_Cam1_16_24_32_10_11_2020.mp4_00476.jpg_Cam1_16_24_32_10_11_2020.mp4_00476,T0,1,0.058379667722682264,0.9416203322773178,0,0,1,0.06700592595741392,0.882994074042586,0,0,1,1,0
Marseille_Cam1_16_24_32_10_11_2020.mp4_00479.jpg_Cam1_16_24_32_10_11_2020.mp4_00479,T0,1,0.13334590829180895,0.8666540917081911,0,0,1,0.11287969161277932,0.8371203083872206,0,0,1,0,1
Marseille_Cam1_16_24_32_10_11_2020.mp4_00481.jpg_Cam1_16_24_32_10_11_2020.mp4_00481,T0,1,0.06101287894632748,0.9389871210536725,0,0,1,0.06166171586822231,0.8883382841317776,0,0,1,1,0
Marseille_Cam1_16_24_32_10_11_2020.mp4_00488.jpg_Cam1_16_24_32_10_11_2020.mp4_00488,T0,1,0.09436529565050338,0.9056347043494967,0,0,1,0.05229810368454341,0.8977018963154566,0,0,1,0,1
Marseille_Cam1_16_24_32_10_11_2020.mp4_00494.jpg_Cam1_16_24_32_10_11_2020.mp4_00494,T0,1,0.0954214292830085,0.9045785707169915,0,0,1,0.08403758121439477,0.8659624187856052,0,0,1,0,1
Marseille_Cam1_16_24_32_10_11_2020.mp4_00505.jpg_Cam1_16_24_32_10_11_2020.mp4_00505,T0,1,0.06692494880603983,0.9330750511939602,0,0,1,0.1358239011486383,0.8141760988513617,0,0,1,1,0
Marseille_Cam1_16_24_32_10_11_2020.mp4_00519.jpg_Cam1_16_24_32_10_11_2020.mp4_00519,T0,2,0.513909186092399,0.486090813907601,0,1,1,0.5290994371259126,0.42090056287408745,0,1,1,1,0
Marseille_Cam1_16_24_32_10_11_2020.mp4_00525.jpg_Cam1_16_24_32_10_11_2020.mp4_00525,T0,1,0.07568066475358569,0.9243193352464143,0,0,1,0.06696164052081693,0.8830383594791831,0,0,1,0,1
Marseille_Cam1_16_24_32_10_11_2020.mp4_00616.jpg_Cam1_16_24_32_10_11_2020.mp4_00616,T0,1,0.07154078619954594,0.928459213800454,0,0,1,0.07121561115359136,0.8787843888464086,0,0,1,0,1
Marseille_Cam1_16_24_32_10_11_2020.mp4_00621.jpg_Cam1_16_24_32_10_11_2020.mp4_00621,T0,2,0.543686194252994,0.456313805747006,0,1,1,0.5398295482562884,0.41017045174371164,0,1,1,0,1
Marseille_Cam1_16_24_32_10_11_2020.mp4_00626.jpg_Cam1_16_24_32_10_11_2020.mp4_00626,T0,2,0.5629482781332278,0.4370517218667722,0,1,1,0.5515177357488457,0.39848226425115435,0,1,1,0,1
Marseille_Cam1_16_24_32_10_11_2020.mp4_00630.jpg_Cam1_16_24_32_10_11_2020.mp4_00630,T0,2,0.5868988099021996,0.41310119009780044,0,1,1,0.5780059040309833,0.3719940959690167,0,1,1,0,1
Marseille_Cam1_16_24_32_10_11_2020.mp4_00640.jpg_Cam1_16_24_32_10_11_2020.mp4_00640,T0,1,0.0838438105013944,0.9161561894986056,0,0,1,0.11548801083198534,0.8345119891680146,0,0,1,1,0
Marseille_Cam1_16_24_32_10_11_2020.mp4_00653.jpg_Cam1_16_24_32_10_11_2020.mp4_00653,T0,1,0.07835230705380207,0.921647692946198,0,0,1,0.0771868503972772,0.8728131496027227,0,0,1,0,1
Marseille_Cam1_16_24_32_10_11_2020.mp4_00660.jpg_Cam1_16_24_32_10_11_2020.mp4_00660,T0,1,0.06615524074185852,0.9338447592581415,0,0,1,0.0596121203226078,0.8903878796773922,0,0,1,0,1
Marseille_Cam1_16_24_32_10_11_2020.mp4_00666.jpg_Cam1_16_24_32_10_11_2020.mp4_00666,T0,1,0.05270891289576641,0.9472910871042336,0,0,1,0.06104931900510206,0.8889506809948979,0,0,1,1,0
Marseille_Cam1_16_24_32_10_11_2020.mp4_00677.jpg_Cam1_16_24_32_10_11_2020.mp4_00677,T0,1,0.06709607903823633,0.9329039209617637,0,0,1,0.11165039698595797,0.838349603014042,0,0,1,1,0
Marseille_Cam1_16_24_32_10_11_2020.mp4_00680.jpg_Cam1_16_24_32_10_11_2020.mp4_00680,T0,1,0.06013995782654599,0.939860042173454,0,0,1,0.10575299988086477,0.8442470001191352,0,0,1,1,0
Marseille_Cam1_16_24_32_10_11_2020.mp4_00697.jpg_Cam1_16_24_32_10_11_2020.mp4_00697,T0,1,0.06225492025075183,0.9377450797492481,0,0,1,0.02673228816954242,0.9232677118304575,0,0,1,0,1
Marseille_Cam1_16_24_32_10_11_2020.mp4_00722.jpg_Cam1_16_24_32_10_11_2020.mp4_00722,T0,1,0.06914586914570409,0.9308541308542959,0,0,1,0.06198709164322573,0.8880129083567743,0,0,1,0,1
Marseille_Cam1_16_24_32_10_11_2020.mp4_00728.jpg_Cam1_16_24_32_10_11_2020.mp4_00728,T0,1,0.16397005935735706,0.8360299406426429,0,0,1,0.1363213787643709,0.8136786212356291,0,0,1,0,1
Marseille_Cam1_16_24_32_10_11_2020.mp4_00734.jpg_Cam1_16_24_32_10_11_2020.mp4_00734,T0,1,0.08886307731638979,0.9111369226836102,0,0,1,0.08715765613509892,0.862842343864901,0,0,1,0,1
Marseille_Cam1_16_24_32_10_11_2020.mp4_00735.jpg_Cam1_16_24_32_10_11_2020.mp4_00735,T0,1,0.07523629363192898,0.924763706368071,0,0,1,0.08414744926506854,0.8658525507349314,0,0,1,1,0
Marseille_Cam1_16_24_32_10_11_2020.mp4_00738.jpg_Cam1_16_24_32_10_11_2020.mp4_00738,T0,1,0.07467929681365709,0.9253207031863429,0,0,1,0.05348088649351424,0.8965191135064857,0,0,1,0,1
Marseille_Cam1_16_24_32_10_11_2020.mp4_00743.jpg_Cam1_16_24_32_10_11_2020.mp4_00743,T0,1,0.16771877384941994,0.8322812261505801,0,0,1,0.16670777675650045,0.7832922232434996,0,0,1,0,1
Marseille_Cam1_16_24_32_10_11_2020.mp4_00746.jpg_Cam1_16_24_32_10_11_2020.mp4_00746,T0,1,0.08875391838357721,0.9112460816164227,0,0,1,0.09914222339972471,0.8508577766002753,0,0,1,1,0
Marseille_Cam1_16_24_32_10_11_2020.mp4_00770.jpg_Cam1_16_24_32_10_11_2020.mp4_00770,T0,1,0.017885359351968954,0.982114640648031,0,0,1,0.027991667373308663,0.9220083326266912,0,0,1,1,0
Marseille_Cam1_16_24_32_10_11_2020.mp4_00780.jpg_Cam1_16_24_32_10_11_2020.mp4_00780,T0,1,0.06261707047224857,0.9373829295277514,0,0,1,0.06804639016943606,0.8819536098305639,0,0,1,1,0
Marseille_Cam1_16_24_32_10_11_2020.mp4_00782.jpg_Cam1_16_24_32_10_11_2020.mp4_00782,T0,1,0.5138775959014436,0.48612240409855645,1,0,1,0.5180777054465868,0.4319222945534132,1,0,1,1,0
Marseille_Cam1_16_24_32_10_11_2020.mp4_00791.jpg_Cam1_16_24_32_10_11_2020.mp4_00791,T0,1,0.05862822074756955,0.9413717792524304,0,0,1,0.06378075331944125,0.8862192466805587,0,0,1,1,0
Marseille_Cam1_16_24_32_10_11_2020.mp4_00795.jpg_Cam1_16_24_32_10_11_2020.mp4_00795,T0,1,0.10329612583150255,0.8967038741684974,0,0,1,0.07947302715799588,0.8705269728420041,0,0,1,0,1
Marseille_Cam1_16_24_32_10_11_2020.mp4_00797.jpg_Cam1_16_24_32_10_11_2020.mp4_00797,T0,1,0.14902719448902002,0.85097280551098,0,0,1,0.16175090899528158,0.7882490910047184,0,0,1,1,0
Marseille_Cam1_16_24_32_10_11_2020.mp4_00798.jpg_Cam1_16_24_32_10_11_2020.mp4_00798,T0,1,0.09519141893057685,0.9048085810694232,0,0,1,0.12084892832432303,0.8291510716756769,0,0,1,1,0
Marseille_Cam1_16_24_32_10_11_2020.mp4_00805.jpg_Cam1_16_24_32_10_11_2020.mp4_00805,T0,1,0.04805701565347525,0.9519429843465248,0,0,1,0.05213540863820445,0.8978645913617955,0,0,1,1,0
Marseille_Cam1_16_24_32_10_11_2020.mp4_00814.jpg_Cam1_16_24_32_10_11_2020.mp4_00814,T0,1,0.99999950000025,4.999997500476638e-07,1,1,0,0.99999950000025,-0.049999500000249955,1,1,0,0,0
Marseille_Cam1_16_24_32_10_11_2020.mp4_00820.jpg_Cam1_16_24_32_10_11_2020.mp4_00820,T0,1,0.99999950000025,4.999997500476638e-07,1,1,0,0.99999950000025,-0.049999500000249955,1,1,0,0,0
Marseille_Cam1_16_26_03_10_11_2020.mp4_00002.jpg_Cam1_16_26_03_10_11_2020.mp4_00002,T0,1,0.05992426960318515,0.9400757303968148,0,0,1,0.0753117575059713,0.8746882424940287,0,0,1,1,0
Marseille_Cam1_16_26_03_10_11_2020.mp4_00021.jpg_Cam1_16_26_03_10_11_2020.mp4_00021,T0,1,0.07032635527566647,0.9296736447243336,0,0,1,0.08708499188154119,0.8629150081184588,0,0,1,1,0
Marseille_Cam1_16_26_03_10_11_2020.mp4_00029.jpg_Cam1_16_26_03_10_11_2020.mp4_00029,T0,1,0.04049684898142925,0.9595031510185708,0,0,1,0.05924500983696796,0.890754990163032,0,0,1,1,0
Marseille_Cam1_16_26_03_10_11_2020.mp4_00033.jpg_Cam1_16_26_03_10_11_2020.mp4_00033,T0,1,0.047782010876155,0.952217989123845,0,0,1,0.03401967506177785,0.9159803249382221,0,0,1,0,1
Marseille_Cam1_16_26_03_10_11_2020.mp4_00043.jpg_Cam1_16_26_03_10_11_2020.mp4_00043,T0,1,0.09405061534445121,0.9059493846555488,0,0,1,0.06436152183053952,0.8856384781694604,0,0,1,0,1
Marseille_Cam1_16_26_03_10_11_2020.mp4_00046.jpg_Cam1_16_26_03_10_11_2020.mp4_00046,T0,1,0.15145959161945158,0.8485404083805484,0,0,1,0.11600868700047129,0.8339913129995287,0,0,1,0,1
Marseille_Cam1_16_26_03_10_11_2020.mp4_00049.jpg_Cam1_16_26_03_10_11_2020.mp4_00049,T0,2,0.09163366891636351,0.9083663310836365,0,0,2,0.07048050789891462,0.8795194921010854,0,0,2,0,1
Marseille_Cam1_16_26_03_10_11_2020.mp4_00055.jpg_Cam1_16_26_03_10_11_2020.mp4_00055,T0,2,0.08268526332063574,0.9173147366793643,0,0,2,0.06939574731010437,0.8806042526898956,0,0,2,0,1
Marseille_Cam1_16_26_03_10_11_2020.mp4_00076.jpg_Cam1_16_26_03_10_11_2020.mp4_00076,T0,2,0.04545715218901234,0.9545428478109876,0,0,2,0.03960191413153932,0.9103980858684606,0,0,2,0,1
Marseille_Cam1_16_26_03_10_11_2020.mp4_00092.jpg_Cam1_16_26_03_10_11_2020.mp4_00092,T0,2,0.03901180111881808,0.9609881988811819,0,0,2,0.04297444131704382,0.9070255586829561,0,0,2,1,0
Marseille_Cam1_16_26_03_10_11_2020.mp4_00098.jpg_Cam1_16_26_03_10_11_2020.mp4_00098,T0,2,0.01103566280215086,0.9889643371978492,0,0,2,0.026855981163323186,0.9231440188366767,0,0,2,1,0
Marseille_Cam1_16_26_03_10_11_2020.mp4_00101.jpg_Cam1_16_26_03_10_11_2020.mp4_00101,T0,2,0.024620572661091203,0.9753794273389088,0,0,2,0.0382648419952619,0.911735158004738,0,0,2,1,0
Marseille_Cam1_16_26_03_10_11_2020.mp4_00107.jpg_Cam1_16_26_03_10_11_2020.mp4_00107,T0,2,0.052650023073464856,0.9473499769265351,0,0,2,0.04872073030169867,0.9012792696983013,0,0,2,0,1
Marseille_Cam1_16_26_03_10_11_2020.mp4_00109.jpg_Cam1_16_26_03_10_11_2020.mp4_00109,T0,2,0.0672322672121952,0.9327677327878048,0,0,2,0.0698841164399153,0.8801158835600846,0,0,2,1,0
Marseille_Cam1_16_26_03_10_11_2020.mp4_00118.jpg_Cam1_16_26_03_10_11_2020.mp4_00118,T0,2,0.04108095376343101,0.958919046236569,0,0,2,0.06865976478343554,0.8813402352165645,0,0,2,1,0
Marseille_Cam1_16_26_03_10_11_2020.mp4_00120.jpg_Cam1_16_26_03_10_11_2020.mp4_00120,T0,2,0.062239604430941134,0.9377603955690589,0,0,2,0.08984681428199505,0.8601531857180049,0,0,2,1,0
Marseille_Cam1_16_26_03_10_11_2020.mp4_00123.jpg_Cam1_16_26_03_10_11_2020.mp4_00123,T0,2,0.047331218786535866,0.9526687812134641,0,0,2,0.05173005637028337,0.8982699436297166,0,0,2,1,0
Marseille_Cam1_16_26_03_10_11_2020.mp4_00138.jpg_Cam1_16_26_03_10_11_2020.mp4_00138,T0,2,0.11070584381602916,0.8892941561839709,0,0,2,0.5559963568602682,0.39400364313973185,0,1,1,1,0
Marseille_Cam1_16_26_03_10_11_2020.mp4_00139.jpg_Cam1_16_26_03_10_11_2020.mp4_00139,T0,2,0.5819962256026338,0.41800377439736625,0,1,1,0.5818080605132673,0.36819193948673273,0,1,1,0,1
Marseille_Cam1_16_26_03_10_11_2020.mp4_00156.jpg_Cam1_16_26_03_10_11_2020.mp4_00156,T0,1,0.06683008390958368,0.9331699160904163,0,0,1,0.0984676180433939,0.8515323819566061,0,0,1,1,0
Marseille_Cam1_16_26_03_10_11_2020.mp4_00167.jpg_Cam1_16_26_03_10_11_2020.mp4_00167,T0,1,0.1495580898063772,0.8504419101936228,0,0,1,0.11047651475487205,0.8395234852451279,0,0,1,0,1
Marseille_Cam1_16_26_03_10_11_2020.mp4_00169.jpg_Cam1_16_26_03_10_11_2020.mp4_00169,T0,1,0.11482014587297337,0.8851798541270266,0,0,1,0.09951181513368124,0.8504881848663187,0,0,1,0,1
Marseille_Cam1_16_26_03_10_11_2020.mp4_00175.jpg_Cam1_16_26_03_10_11_2020.mp4_00175,T0,1,0.2043678630102452,0.7956321369897548,0,0,1,0.2054951493152783,0.7445048506847216,0,0,1,1,0
Marseille_Cam1_16_26_03_10_11_2020.mp4_00176.jpg_Cam1_16_26_03_10_11_2020.mp4_00176,T0,1,0.12543878649504334,0.8745612135049566,0,0,1,0.1371839574974595,0.8128160425025405,0,0,1,1,0
Marseille_Cam1_16_26_03_10_11_2020.mp4_00177.jpg_Cam1_16_26_03_10_11_2020.mp4_00177,T0,1,0.10513799517340541,0.8948620048265946,0,0,1,0.06898905144174254,0.8810109485582575,0,0,1,0,1
Marseille_Cam1_16_26_03_10_11_2020.mp4_00179.jpg_Cam1_16_26_03_10_11_2020.mp4_00179,T0,1,0.10011522979810004,0.8998847702018999,0,0,1,0.1342283976497972,0.8157716023502027,0,0,1,1,0
Marseille_Cam1_16_26_03_10_11_2020.mp4_00187.jpg_Cam1_16_26_03_10_11_2020.mp4_00187,T0,1,0.09486686825169288,0.9051331317483071,0,0,1,0.07399615828897302,0.876003841711027,0,0,1,0,1
Marseille_Cam1_16_26_03_10_11_2020.mp4_00199.jpg_Cam1_16_26_03_10_11_2020.mp4_00199,T0,1,0.05078444083339644,0.9492155591666036,0,0,1,0.05951674657693991,0.89048325342306,0,0,1,1,0
Marseille_Cam1_16_26_03_10_11_2020.mp4_00207.jpg_Cam1_16_26_03_10_11_2020.mp4_00207,T0,1,0.09291190548447639,0.9070880945155236,0,0,1,0.0923486526479915,0.8576513473520084,0,0,1,0,1
Marseille_Cam1_16_26_03_10_11_2020.mp4_00209.jpg_Cam1_16_26_03_10_11_2020.mp4_00209,T0,1,0.20258287197554345,0.7974171280244565,0,0,1,0.19313331131578243,0.7568666886842175,0,0,1,0,1
Marseille_Cam1_16_26_03_10_11_2020.mp4_00211.jpg_Cam1_16_26_03_10_11_2020.mp4_00211,T0,1,0.1385263190271943,0.8614736809728056,0,0,1,0.11394917953861418,0.8360508204613858,0,0,1,0,1
Marseille_Cam1_16_26_03_10_11_2020.mp4_00219.jpg_Cam1_16_26_03_10_11_2020.mp4_00219,T0,1,0.07766759615787942,0.9223324038421206,0,0,1,0.9999990000010001,-0.04999900000100006,0,1,0,1,0
Marseille_Cam1_16_26_03_10_11_2020.mp4_00226.jpg_Cam1_16_26_03_10_11_2020.mp4_00226,T0,1,0.047890270840207826,0.9521097291597922,0,0,1,0.04625612469760444,0.9037438753023955,0,0,1,0,1
Marseille_Cam1_16_26_03_10_11_2020.mp4_00227.jpg_Cam1_16_26_03_10_11_2020.mp4_00227,T0,1,0.05459725150930627,0.9454027484906937,0,0,1,0.0493713019531523,0.9006286980468476,0,0,1,0,1
Marseille_Cam1_16_26_03_10_11_2020.mp4_00231.jpg_Cam1_16_26_03_10_11_2020.mp4_00231,T0,1,0.06519355306389057,0.9348064469361095,0,0,1,0.06668519467513204,0.883314805324868,0,0,1,1,0
Marseille_Cam1_16_26_03_10_11_2020.mp4_00266.jpg_Cam1_16_26_03_10_11_2020.mp4_00266,T0,2,0.050920267123682965,0.9490797328763171,0,0,2,0.05642308585572414,0.8935769141442758,0,0,2,1,0
Marseille_Cam1_16_26_03_10_11_2020.mp4_00267.jpg_Cam1_16_26_03_10_11_2020.mp4_00267,T0,2,0.05491218645856849,0.9450878135414316,0,0,2,0.055046043541648305,0.8949539564583516,0,0,2,1,0
Marseille_Cam1_16_26_03_10_11_2020.mp4_00277.jpg_Cam1_16_26_03_10_11_2020.mp4_00277,T0,2,0.03707635728873189,0.9629236427112681,0,0,2,0.044778719573679314,0.9052212804263207,0,0,2,1,0
Marseille_Cam1_16_26_03_10_11_2020.mp4_00278.jpg_Cam1_16_26_03_10_11_2020.mp4_00278,T0,2,0.05166783694023905,0.948332163059761,0,0,2,0.04637329532297923,0.9036267046770208,0,0,2,0,1
Marseille_Cam1_16_26_03_10_11_2020.mp4_00290.jpg_Cam1_16_26_03_10_11_2020.mp4_00290,T0,2,0.08715542227205332,0.9128445777279467,0,0,2,0.08522242847029442,0.8647775715297056,0,0,2,0,1
Marseille_Cam1_16_26_03_10_11_2020.mp4_00292.jpg_Cam1_16_26_03_10_11_2020.mp4_00292,T0,2,0.08447211145228403,0.9155278885477159,0,0,2,0.0890806681256628,0.8609193318743371,0,0,2,1,0
Marseille_Cam1_16_26_03_10_11_2020.mp4_00293.jpg_Cam1_16_26_03_10_11_2020.mp4_00293,T0,2,0.08716910022338627,0.9128308997766137,0,0,2,0.07695050654788214,0.8730494934521178,0,0,2,0,1
Marseille_Cam1_16_26_03_10_11_2020.mp4_00296.jpg_Cam1_16_26_03_10_11_2020.mp4_00296,T0,2,0.08027156747978154,0.9197284325202184,0,0,2,0.08217461216320529,0.8678253878367946,0,0,2,1,0
Marseille_Cam1_16_26_03_10_11_2020.mp4_00297.jpg_Cam1_16_26_03_10_11_2020.mp4_00297,T0,2,0.09554149625684266,0.9044585037431574,0,0,2,0.09535832483880072,0.8546416751611993,0,0,2,0,1
Marseille_Cam1_16_26_03_10_11_2020.mp4_00307.jpg_Cam1_16_26_03_10_11_2020.mp4_00307,T0,2,0.07191256699100962,0.9280874330089903,0,0,2,0.07346793436029865,0.8765320656397013,0,0,2,1,0
Marseille_Cam1_16_26_03_10_11_2020.mp4_00312.jpg_Cam1_16_26_03_10_11_2020.mp4_00312,T0,2,0.07540277151386685,0.9245972284861331,0,0,2,0.07221534969108717,0.8777846503089128,0,0,2,0,1
Marseille_Cam1_16_26_03_10_11_2020.mp4_00313.jpg_Cam1_16_26_03_10_11_2020.mp4_00313,T4,1,0.5286601619679938,0.4713398380320062,1,0,1,0.062324599864349975,0.8876754001356499,0,0,1,0,1
Marseille_Cam1_16_26_03_10_11_2020.mp4_00323.jpg_Cam1_16_26_03_10_11_2020.mp4_00323,T0,1,0.0600416474274157,0.9399583525725843,0,0,1,0.059710967798753886,0.8902890322012461,0,0,1,0,1
Marseille_Cam1_16_26_03_10_11_2020.mp4_00329.jpg_Cam1_16_26_03_10_11_2020.mp4_00329,T0,1,0.027081794740469192,0.9729182052595308,0,0,1,0.02406198625168958,0.9259380137483104,0,0,1,0,1
Marseille_Cam1_16_26_03_10_11_2020.mp4_00333.jpg_Cam1_16_26_03_10_11_2020.mp4_00333,T0,1,0.027872444056043687,0.9721275559439563,0,0,1,0.019779320870755714,0.9302206791292442,0,0,1,0,1
Marseille_Cam1_16_26_03_10_11_2020.mp4_00336.jpg_Cam1_16_26_03_10_11_2020.mp4_00336,T0,1,0.035490651949718593,0.9645093480502814,0,0,1,0.03633267469794794,0.913667325302052,0,0,1,1,0
Marseille_Cam1_16_26_03_10_11_2020.mp4_00348.jpg_Cam1_16_26_03_10_11_2020.mp4_00348,T0,1,0.07615424748348086,0.9238457525165191,0,0,1,0.06982370092920843,0.8801762990707915,0,0,1,0,1
Marseille_Cam1_16_26_03_10_11_2020.mp4_00352.jpg_Cam1_16_26_03_10_11_2020.mp4_00352,T0,1,0.07319433048266823,0.9268056695173318,0,0,1,0.07077286447262475,0.8792271355273752,0,0,1,0,1
Marseille_Cam1_16_26_03_10_11_2020.mp4_00355.jpg_Cam1_16_26_03_10_11_2020.mp4_00355,T0,1,0.07885982785224847,0.9211401721477516,0,0,1,0.0616457546794506,0.8883542453205494,0,0,1,0,1
Marseille_Cam1_16_26_03_10_11_2020.mp4_00371.jpg_Cam1_16_26_03_10_11_2020.mp4_00371,T0,1,0.03668829929912897,0.963311700700871,0,0,1,0.0757415666237052,0.8742584333762947,0,0,1,1,0
Marseille_Cam1_16_26_03_10_11_2020.mp4_00383.jpg_Cam1_16_26_03_10_11_2020.mp4_00383,T0,1,0.06734035513915763,0.9326596448608424,0,0,1,0.06844634121773202,0.8815536587822679,0,0,1,1,0
Marseille_Cam1_16_26_03_10_11_2020.mp4_00394.jpg_Cam1_16_26_03_10_11_2020.mp4_00394,T0,1,0.05843674257120978,0.9415632574287902,0,0,1,0.059603238810372314,0.8903967611896276,0,0,1,1,0
Marseille_Cam1_16_26_03_10_11_2020.mp4_00398.jpg_Cam1_16_26_03_10_11_2020.mp4_00398,T0,1,0.04147523419409943,0.9585247658059006,0,0,1,0.046643141036224675,0.9033568589637753,0,0,1,1,0
Marseille_Cam1_16_26_03_10_11_2020.mp4_00426.jpg_Cam1_16_26_03_10_11_2020.mp4_00426,T0,1,0.08414507270799375,0.9158549272920062,0,0,1,0.08410597260534472,0.8658940273946553,0,0,1,0,1
Marseille_Cam1_16_26_03_10_11_2020.mp4_00427.jpg_Cam1_16_26_03_10_11_2020.mp4_00427,T0,1,0.13983870593220396,0.8601612940677961,0,0,1,0.1110326641748235,0.8389673358251765,0,0,1,0,1
Marseille_Cam1_16_26_03_10_11_2020.mp4_00432.jpg_Cam1_16_26_03_10_11_2020.mp4_00432,T0,1,0.08769500743950347,0.9123049925604966,0,0,1,0.05013513254239161,0.8998648674576083,0,0,1,0,1
Marseille_Cam1_16_26_03_10_11_2020.mp4_00443.jpg_Cam1_16_26_03_10_11_2020.mp4_00443,T0,1,0.09353597111629816,0.9064640288837018,0,0,1,0.07816448362129262,0.8718355163787074,0,0,1,0,1
Marseille_Cam1_16_26_03_10_11_2020.mp4_00457.jpg_Cam1_16_26_03_10_11_2020.mp4_00457,T0,1,0.09624958245529622,0.9037504175447038,0,0,1,0.13387507688790404,0.816124923112096,0,0,1,1,0
Marseille_Cam1_16_26_03_10_11_2020.mp4_00459.jpg_Cam1_16_26_03_10_11_2020.mp4_00459,T0,1,0.1112478442771212,0.8887521557228788,0,0,1,0.14928478775120504,0.8007152122487949,0,0,1,1,0
Marseille_Cam1_16_26_03_10_11_2020.mp4_00470.jpg_Cam1_16_26_03_10_11_2020.mp4_00470,T0,1,0.04523027458471979,0.9547697254152803,0,0,1,0.02397469445529532,0.9260253055447046,0,0,1,0,1
Marseille_Cam1_16_26_03_10_11_2020.mp4_00487.jpg_Cam1_16_26_03_10_11_2020.mp4_00487,T0,1,0.08479567246960343,0.9152043275303966,0,0,1,0.02778666055610832,0.9222133394438916,0,0,1,0,1
Marseille_Cam1_16_26_03_10_11_2020.mp4_00488.jpg_Cam1_16_26_03_10_11_2020.mp4_00488,T0,1,0.09383913292593081,0.9061608670740692,0,0,1,0.09308942089540767,0.8569105791045923,0,0,1,0,1
Marseille_Cam1_16_26_03_10_11_2020.mp4_00490.jpg_Cam1_16_26_03_10_11_2020.mp4_00490,T0,1,0.045962181480693115,0.9540378185193069,0,0,1,0.0460483384431876,0.9039516615568124,0,0,1,1,0
Marseille_Cam1_16_26_03_10_11_2020.mp4_00491.jpg_Cam1_16_26_03_10_11_2020.mp4_00491,T0,1,0.061251058881539824,0.9387489411184602,0,0,1,0.03356090371378352,0.9164390962862164,0,0,1,0,1
Marseille_Cam1_16_26_03_10_11_2020.mp4_00493.jpg_Cam1_16_26_03_10_11_2020.mp4_00493,T0,1,0.08827187362070629,0.9117281263792937,0,0,1,0.06816149661474852,0.8818385033852514,0,0,1,0,1
Marseille_Cam1_16_26_03_10_11_2020.mp4_00497.jpg_Cam1_16_26_03_10_11_2020.mp4_00497,T0,1,0.10201331605415495,0.897986683945845,0,0,1,0.06307911663370955,0.8869208833662904,0,0,1,0,1
Marseille_Cam1_16_26_03_10_11_2020.mp4_00498.jpg_Cam1_16_26_03_10_11_2020.mp4_00498,T0,1,0.1100809970311973,0.8899190029688027,0,0,1,0.10551413408904588,0.8444858659109541,0,0,1,0,1
Marseille_Cam1_16_26_03_10_11_2020.mp4_00510.jpg_Cam1_16_26_03_10_11_2020.mp4_00510,T0,1,0.09654686709789248,0.9034531329021075,0,0,1,0.08028030231986248,0.8697196976801375,0,0,1,0,1
Marseille_Cam1_16_26_03_10_11_2020.mp4_00519.jpg_Cam1_16_26_03_10_11_2020.mp4_00519,T0,1,0.07988171319987952,0.9201182868001205,0,0,1,0.0777384952218325,0.8722615047781674,0,0,1,0,1
Marseille_Cam1_16_26_03_10_11_2020.mp4_00523.jpg_Cam1_16_26_03_10_11_2020.mp4_00523,T0,1,0.08516627615538497,0.914833723844615,0,0,1,0.0990334098958581,0.8509665901041419,0,0,1,1,0
Marseille_Cam1_16_26_03_10_11_2020.mp4_00525.jpg_Cam1_16_26_03_10_11_2020.mp4_00525,T0,1,0.16287750863431136,0.8371224913656886,0,0,1,0.1621833589043795,0.7878166410956204,0,0,1,0,1
Marseille_Cam1_16_26_03_10_11_2020.mp4_00526.jpg_Cam1_16_26_03_10_11_2020.mp4_00526,T0,1,0.1219803430357487,0.8780196569642513,0,0,1,0.11449534746993013,0.8355046525300698,0,0,1,0,1
Marseille_Cam1_16_26_03_10_11_2020.mp4_00530.jpg_Cam1_16_26_03_10_11_2020.mp4_00530,T0,1,0.19409312987975372,0.8059068701202463,0,0,1,0.2231790123164635,0.7268209876835364,0,0,1,1,0
Marseille_Cam1_16_26_03_10_11_2020.mp4_00561.jpg_Cam1_16_26_03_10_11_2020.mp4_00561,T0,1,0.036386443327695896,0.9636135566723041,0,0,1,0.06320972229317995,0.88679027770682,0,0,1,1,0
Marseille_Cam1_16_26_03_10_11_2020.mp4_00573.jpg_Cam1_16_26_03_10_11_2020.mp4_00573,T0,1,0.07708206716063039,0.9229179328393696,0,0,1,0.06239997171314441,0.8876000282868556,0,0,1,0,1
Marseille_Cam1_16_26_03_10_11_2020.mp4_00574.jpg_Cam1_16_26_03_10_11_2020.mp4_00574,T0,1,0.07723270609061587,0.9227672939093842,0,0,1,0.05637111518695074,0.8936288848130493,0,0,1,0,1
Marseille_Cam1_16_26_03_10_11_2020.mp4_00576.jpg_Cam1_16_26_03_10_11_2020.mp4_00576,T0,1,0.09310173396945623,0.9068982660305438,0,0,1,0.053352137395586294,0.8966478626044136,0,0,1,0,1
Marseille_Cam1_16_26_03_10_11_2020.mp4_00578.jpg_Cam1_16_26_03_10_11_2020.mp4_00578,T0,1,0.12190140209554323,0.8780985979044568,0,0,1,0.0788382248166282,0.8711617751833718,0,0,1,0,1
Marseille_Cam1_16_26_03_10_11_2020.mp4_00581.jpg_Cam1_16_26_03_10_11_2020.mp4_00581,T0,1,0.019976453879050397,0.9800235461209496,0,0,1,0.02464452795669738,0.9253554720433026,0,0,1,1,0
Marseille_Cam1_16_26_03_10_11_2020.mp4_00584.jpg_Cam1_16_26_03_10_11_2020.mp4_00584,T0,1,0.050278494770960185,0.9497215052290399,0,0,1,0.02957402068518277,0.9204259793148172,0,0,1,0,1
Marseille_Cam1_16_26_03_10_11_2020.mp4_00596.jpg_Cam1_16_26_03_10_11_2020.mp4_00596,T0,1,0.02091330675424008,0.9790866932457599,0,0,1,0.017330022538098226,0.9326699774619017,0,0,1,0,1
Marseille_Cam1_16_26_03_10_11_2020.mp4_00597.jpg_Cam1_16_26_03_10_11_2020.mp4_00597,T0,1,0.03165922209373377,0.9683407779062663,0,0,1,0.04195017692239342,0.9080498230776065,0,0,1,1,0
Marseille_Cam1_16_26_03_10_11_2020.mp4_00603.jpg_Cam1_16_26_03_10_11_2020.mp4_00603,T0,1,0.05058586909425129,0.9494141309057487,0,0,1,0.04736789450793132,0.9026321054920686,0,0,1,0,1
Marseille_Cam1_16_26_03_10_11_2020.mp4_00609.jpg_Cam1_16_26_03_10_11_2020.mp4_00609,T0,1,0.05214514530532467,0.9478548546946753,0,0,1,0.016264840068075347,0.9337351599319246,0,0,1,0,1
Marseille_Cam1_16_26_03_10_11_2020.mp4_00615.jpg_Cam1_16_26_03_10_11_2020.mp4_00615,T0,1,0.047222720429998505,0.9527772795700015,0,0,1,0.026964439068355276,0.9230355609316446,0,0,1,0,1
Marseille_Cam1_16_26_03_10_11_2020.mp4_00638.jpg_Cam1_16_26_03_10_11_2020.mp4_00638,T0,1,0.08381100787726707,0.916188992122733,0,0,1,0.0960885387042427,0.8539114612957572,0,0,1,1,0
Marseille_Cam1_16_26_03_10_11_2020.mp4_00641.jpg_Cam1_16_26_03_10_11_2020.mp4_00641,T0,1,0.0563371046771631,0.9436628953228369,0,0,1,0.0643543525570451,0.8856456474429548,0,0,1,1,0
Marseille_Cam1_16_26_03_10_11_2020.mp4_00645.jpg_Cam1_16_26_03_10_11_2020.mp4_00645,T0,1,0.012296895996617601,0.9877031040033823,0,0,1,0.02605357628921613,0.9239464237107838,0,0,1,1,0
Marseille_Cam1_16_26_03_10_11_2020.mp4_00646.jpg_Cam1_16_26_03_10_11_2020.mp4_00646,T0,1,0.015897276880222636,0.9841027231197773,0,0,1,0.03499793450569771,0.9150020654943023,0,0,1,1,0
Marseille_Cam1_16_26_03_10_11_2020.mp4_00648.jpg_Cam1_16_26_03_10_11_2020.mp4_00648,T0,1,0.026952182289026603,0.9730478177109734,0,0,1,0.030247827943559038,0.9197521720564409,0,0,1,1,0
Marseille_Cam1_16_26_03_10_11_2020.mp4_00668.jpg_Cam1_16_26_03_10_11_2020.mp4_00668,T0,1,0.0394193253063127,0.9605806746936874,0,0,1,0.03481231671394057,0.9151876832860594,0,0,1,0,1
Marseille_Cam1_16_26_03_10_11_2020.mp4_00674.jpg_Cam1_16_26_03_10_11_2020.mp4_00674,T0,1,0.040974839265650966,0.9590251607343491,0,0,1,0.022640389727938862,0.927359610272061,0,0,1,0,1
Marseille_Cam1_16_26_03_10_11_2020.mp4_00678.jpg_Cam1_16_26_03_10_11_2020.mp4_00678,T0,1,0.03766271394771781,0.9623372860522822,0,0,1,0.06937172712317322,0.8806282728768268,0,0,1,1,0
Marseille_Cam1_16_26_03_10_11_2020.mp4_00692.jpg_Cam1_16_26_03_10_11_2020.mp4_00692,T0,1,0.02193498360219471,0.9780650163978053,0,0,1,0.00899237180665595,0.941007628193344,0,0,1,0,1
Marseille_Cam1_16_26_03_10_11_2020.mp4_00698.jpg_Cam1_16_26_03_10_11_2020.mp4_00698,T0,1,0.04260143670036799,0.957398563299632,0,0,1,0.031444811464400216,0.9185551885355997,0,0,1,0,1
Marseille_Cam1_16_26_03_10_11_2020.mp4_00704.jpg_Cam1_16_26_03_10_11_2020.mp4_00704,T0,1,0.08363693987767501,0.9163630601223249,0,0,1,0.1100635155307107,0.8399364844692893,0,0,1,1,0
Marseille_Cam1_16_26_03_10_11_2020.mp4_00716.jpg_Cam1_16_26_03_10_11_2020.mp4_00716,T0,1,0.1666148361812508,0.8333851638187492,0,0,1,0.15675040618825611,0.7932495938117439,0,0,1,0,1
Marseille_Cam1_16_26_03_10_11_2020.mp4_00718.jpg_Cam1_16_26_03_10_11_2020.mp4_00718,T0,1,0.14797624344286492,0.8520237565571351,0,0,1,0.14265824428631774,0.8073417557136822,0,0,1,0,1
Marseille_Cam1_16_26_03_10_11_2020.mp4_00720.jpg_Cam1_16_26_03_10_11_2020.mp4_00720,T0,1,0.17415063617050505,0.8258493638294949,0,0,1,0.17376232601704575,0.7762376739829542,0,0,1,0,1
Marseille_Cam1_16_26_03_10_11_2020.mp4_00722.jpg_Cam1_16_26_03_10_11_2020.mp4_00722,T0,1,0.09626947932058934,0.9037305206794106,0,0,1,0.1302523305444066,0.8197476694555934,0,0,1,1,0
Marseille_Cam1_16_26_03_10_11_2020.mp4_00730.jpg_Cam1_16_26_03_10_11_2020.mp4_00730,T0,1,0.21756096330343874,0.7824390366965612,0,0,1,0.9999990000010001,-0.04999900000100006,0,1,0,1,0
Marseille_Cam1_16_26_03_10_11_2020.mp4_00731.jpg_Cam1_16_26_03_10_11_2020.mp4_00731,T0,1,0.9999990000010001,9.99998999939855e-07,0,1,0,0.9999990000010001,-0.04999900000100006,0,1,0,0,0
Marseille_Cam1_16_26_03_10_11_2020.mp4_00732.jpg_Cam1_16_26_03_10_11_2020.mp4_00732,T0,1,0.9999990000010001,9.99998999939855e-07,0,1,0,0.9999990000010001,-0.04999900000100006,0,1,0,0,0
Marseille_Cam1_16_26_03_10_11_2020.mp4_00733.jpg_Cam1_16_26_03_10_11_2020.mp4_00733,T0,1,0.9999990000010001,9.99998999939855e-07,0,1,0,0.9999990000010001,-0.04999900000100006,0,1,0,0,0
Marseille_Cam1_16_26_03_10_11_2020.mp4_00861.jpg_Cam1_16_26_03_10_11_2020.mp4_00861,T0,1,0.035886255476315236,0.9641137445236848,0,0,1,0.03210473225482175,0.9178952677451782,0,0,1,0,1
Marseille_Cam1_16_26_03_10_11_2020.mp4_00875.jpg_Cam1_16_26_03_10_11_2020.mp4_00875,T0,1,0.05876518260502995,0.9412348173949701,0,0,1,0.045713971144853226,0.9042860288551468,0,0,1,0,1
Marseille_Cam1_16_26_03_10_11_2020.mp4_00877.jpg_Cam1_16_26_03_10_11_2020.mp4_00877,T0,1,0.08157934594483897,0.918420654055161,0,0,1,0.08127805762895257,0.8687219423710474,0,0,1,0,1
Marseille_Cam1_16_26_03_10_11_2020.mp4_00882.jpg_Cam1_16_26_03_10_11_2020.mp4_00882,T0,1,0.02588614811273327,0.9741138518872667,0,0,1,0.02318456257410931,0.9268154374258907,0,0,1,0,1
Marseille_Cam1_16_26_03_10_11_2020.mp4_00885.jpg_Cam1_16_26_03_10_11_2020.mp4_00885,T0,1,0.03258725538776614,0.9674127446122338,0,0,1,0.04415436520964562,0.9058456347903543,0,0,1,1,0
Marseille_Cam1_16_26_03_10_11_2020.mp4_00889.jpg_Cam1_16_26_03_10_11_2020.mp4_00889,T0,1,0.1216465687879608,0.8783534312120392,0,0,1,0.13193929386220424,0.8180607061377957,0,0,1,1,0
Marseille_Cam1_16_26_03_10_11_2020.mp4_00906.jpg_Cam1_16_26_03_10_11_2020.mp4_00906,T0,1,0.09691046522372969,0.9030895347762703,0,0,1,0.11358630783630316,0.8364136921636968,0,0,1,1,0
Marseille_Cam1_16_26_03_10_11_2020.mp4_00907.jpg_Cam1_16_26_03_10_11_2020.mp4_00907,T0,1,0.051002700340102854,0.9489972996598971,0,0,1,0.06650313473471374,0.8834968652652863,0,0,1,1,0
Marseille_Cam1_16_26_03_10_11_2020.mp4_00909.jpg_Cam1_16_26_03_10_11_2020.mp4_00909,T0,1,0.08313264629336885,0.9168673537066312,0,0,1,0.09294535210494091,0.857054647895059,0,0,1,1,0
Marseille_Cam1_16_26_03_10_11_2020.mp4_00927.jpg_Cam1_16_26_03_10_11_2020.mp4_00927,T0,1,0.027540652442517785,0.9724593475574822,0,0,1,0.025753191741475452,0.9242468082585245,0,0,1,0,1
Marseille_Cam1_16_26_03_10_11_2020.mp4_00939.jpg_Cam1_16_26_03_10_11_2020.mp4_00939,T0,1,0.04687244022603092,0.9531275597739691,0,0,1,0.030951192288558683,0.9190488077114413,0,0,1,0,1
Marseille_Cam1_16_26_03_10_11_2020.mp4_00946.jpg_Cam1_16_26_03_10_11_2020.mp4_00946,T0,1,0.04941175206624733,0.9505882479337526,0,0,1,0.0482914900526946,0.9017085099473053,0,0,1,0,1
Marseille_Cam1_16_26_03_10_11_2020.mp4_00956.jpg_Cam1_16_26_03_10_11_2020.mp4_00956,T0,1,0.03705943273488467,0.9629405672651153,0,0,1,0.037606131380308716,0.9123938686196913,0,0,1,1,0
Marseille_Cam1_16_26_03_10_11_2020.mp4_00960.jpg_Cam1_16_26_03_10_11_2020.mp4_00960,T0,1,0.03076700346978193,0.9692329965302181,0,0,1,0.023700859685649646,0.9262991403143503,0,0,1,0,1
Marseille_Cam1_16_26_03_10_11_2020.mp4_00981.jpg_Cam1_16_26_03_10_11_2020.mp4_00981,T0,1,0.07182306861638543,0.9281769313836146,0,0,1,0.056651205711698814,0.8933487942883012,0,0,1,0,1
Marseille_Cam1_16_26_03_10_11_2020.mp4_00988.jpg_Cam1_16_26_03_10_11_2020.mp4_00988,T0,1,0.08250975444359902,0.917490245556401,0,0,1,0.09016603991606548,0.8598339600839344,0,0,1,1,0
Marseille_Cam1_16_26_03_10_11_2020.mp4_00999.jpg_Cam1_16_26_03_10_11_2020.mp4_00999,T0,1,0.09104733074079757,0.9089526692592025,0,0,1,0.09180357259943554,0.8581964274005645,0,0,1,1,0
Marseille_Cam1_16_26_03_10_11_2020.mp4_01001.jpg_Cam1_16_26_03_10_11_2020.mp4_01001,T0,1,0.05541049305032867,0.9445895069496714,0,0,1,0.04184381200726802,0.9081561879927319,0,0,1,0,1
Marseille_Cam1_16_26_03_10_11_2020.mp4_01002.jpg_Cam1_16_26_03_10_11_2020.mp4_01002,T0,1,0.048017450931950624,0.9519825490680494,0,0,1,0.039184918528436315,0.9108150814715636,0,0,1,0,1
Marseille_Cam1_16_26_03_10_11_2020.mp4_01004.jpg_Cam1_16_26_03_10_11_2020.mp4_01004,T0,1,0.038851146874215634,0.9611488531257844,0,0,1,0.03494713670295439,0.9150528632970456,0,0,1,0,1
Marseille_Cam1_16_26_03_10_11_2020.mp4_01008.jpg_Cam1_16_26_03_10_11_2020.mp4_01008,T0,1,0.06314780010994725,0.9368521998900528,0,0,1,0.06893358228871393,0.881066417711286,0,0,1,1,0
Marseille_Cam1_16_26_03_10_11_2020.mp4_01018.jpg_Cam1_16_26_03_10_11_2020.mp4_01018,T0,1,0.07713580537458169,0.9228641946254184,0,0,1,0.07816335295129502,0.8718366470487049,0,0,1,1,0
Marseille_Cam1_16_26_03_10_11_2020.mp4_01032.jpg_Cam1_16_26_03_10_11_2020.mp4_01032,T0,1,0.11893058574801238,0.8810694142519876,0,0,1,0.12522663568042808,0.8247733643195718,0,0,1,1,0
Marseille_Cam1_16_26_03_10_11_2020.mp4_01034.jpg_Cam1_16_26_03_10_11_2020.mp4_01034,T0,1,0.13912519141933707,0.8608748085806629,0,0,1,0.14400965254366704,0.8059903474563329,0,0,1,1,0
Marseille_Cam1_16_26_03_10_11_2020.mp4_01037.jpg_Cam1_16_26_03_10_11_2020.mp4_01037,T0,1,0.11143278541919524,0.8885672145808048,0,0,1,0.0955427461781415,0.8544572538218584,0,0,1,0,1
Marseille_Cam1_16_26_03_10_11_2020.mp4_01039.jpg_Cam1_16_26_03_10_11_2020.mp4_01039,T0,1,0.1398277144669628,0.8601722855330372,0,0,1,0.1260808593427489,0.823919140657251,0,0,1,0,1
Marseille_Cam1_16_26_03_10_11_2020.mp4_01048.jpg_Cam1_16_26_03_10_11_2020.mp4_01048,T0,1,0.07429884911943192,0.925701150880568,0,0,1,0.06884417321534712,0.8811558267846529,0,0,1,0,1
Marseille_Cam1_16_26_03_10_11_2020.mp4_01056.jpg_Cam1_16_26_03_10_11_2020.mp4_01056,T0,1,0.046145460649547415,0.9538545393504526,0,0,1,0.04097566876463986,0.9090243312353601,0,0,1,0,1
Marseille_Cam1_16_26_03_10_11_2020.mp4_01058.jpg_Cam1_16_26_03_10_11_2020.mp4_01058,T0,1,0.057071022893913324,0.9429289771060867,0,0,1,0.07113922296203223,0.8788607770379677,0,0,1,1,0
Marseille_Cam1_16_26_03_10_11_2020.mp4_01065.jpg_Cam1_16_26_03_10_11_2020.mp4_01065,T0,1,0.13775694642246217,0.8622430535775378,0,0,1,0.12750360691142448,0.8224963930885755,0,0,1,0,1
Marseille_Cam1_16_26_03_10_11_2020.mp4_01070.jpg_Cam1_16_26_03_10_11_2020.mp4_01070,T0,1,0.10476928312786361,0.8952307168721364,0,0,1,0.09288280631473902,0.857117193685261,0,0,1,0,1
Marseille_Cam1_16_26_03_10_11_2020.mp4_01078.jpg_Cam1_16_26_03_10_11_2020.mp4_01078,T0,1,0.030155456983856504,0.9698445430161435,0,0,1,0.06365193172626837,0.8863480682737316,0,0,1,1,0
Marseille_Cam1_16_26_03_10_11_2020.mp4_01083.jpg_Cam1_16_26_03_10_11_2020.mp4_01083,T0,1,0.05367952744856146,0.9463204725514386,0,0,1,0.059159248858061654,0.8908407511419383,0,0,1,1,0
Marseille_Cam1_16_26_03_10_11_2020.mp4_01084.jpg_Cam1_16_26_03_10_11_2020.mp4_01084,T0,1,0.11247127246428985,0.8875287275357101,0,0,1,0.12391933865595064,0.8260806613440493,0,0,1,1,0
Marseille_Cam1_16_26_03_10_11_2020.mp4_01107.jpg_Cam1_16_26_03_10_11_2020.mp4_01107,T0,1,0.03457243720973806,0.965427562790262,0,0,1,0.03713556871691816,0.9128644312830818,0,0,1,1,0
Marseille_Cam1_16_26_03_10_11_2020.mp4_01109.jpg_Cam1_16_26_03_10_11_2020.mp4_01109,T0,1,0.1679076208855375,0.8320923791144625,0,0,1,0.11420093352126301,0.8357990664787369,0,0,1,0,1
Marseille_Cam1_16_26_03_10_11_2020.mp4_01130.jpg_Cam1_16_26_03_10_11_2020.mp4_01130,T0,1,0.08383763276076703,0.9161623672392329,0,0,1,0.08997047025278654,0.8600295297472134,0,0,1,1,0
Marseille_Cam1_16_26_03_10_11_2020.mp4_01135.jpg_Cam1_16_26_03_10_11_2020.mp4_01135,T0,1,0.02120058767426131,0.9787994123257386,0,0,1,0.02096277501798266,0.9290372249820174,0,0,1,0,1
Marseille_Cam1_16_26_03_10_11_2020.mp4_01138.jpg_Cam1_16_26_03_10_11_2020.mp4_01138,T0,1,0.026485659878310207,0.9735143401216898,0,0,1,0.04437426316232817,0.9056257368376718,0,0,1,1,0
Marseille_Cam1_16_26_03_10_11_2020.mp4_01148.jpg_Cam1_16_26_03_10_11_2020.mp4_01148,T0,1,0.03320225351326266,0.9667977464867373,0,0,1,0.04058488872417516,0.9094151112758248,0,0,1,1,0
Marseille_Cam1_16_26_03_10_11_2020.mp4_01150.jpg_Cam1_16_26_03_10_11_2020.mp4_01150,T0,1,0.06553581272405878,0.9344641872759412,0,0,1,0.07783935779035996,0.87216064220964,0,0,1,1,0
Marseille_Cam1_16_26_03_10_11_2020.mp4_01162.jpg_Cam1_16_26_03_10_11_2020.mp4_01162,T0,1,0.05190321384995266,0.9480967861500473,0,0,1,0.0492139040420039,0.9007860959579961,0,0,1,0,1
Marseille_Cam1_16_26_03_10_11_2020.mp4_01165.jpg_Cam1_16_26_03_10_11_2020.mp4_01165,T0,1,0.07597914194975844,0.9240208580502416,0,0,1,0.08777002119949734,0.8622299788005026,0,0,1,1,0
Marseille_Cam1_16_26_03_10_11_2020.mp4_01169.jpg_Cam1_16_26_03_10_11_2020.mp4_01169,T0,1,0.09240083128044511,0.9075991687195549,0,0,1,0.09555786109753914,0.8544421389024608,0,0,1,1,0
Marseille_Cam1_16_26_03_10_11_2020.mp4_01170.jpg_Cam1_16_26_03_10_11_2020.mp4_01170,T0,1,0.046242219213606675,0.9537577807863933,0,0,1,0.05057010461736549,0.8994298953826345,0,0,1,1,0
Marseille_Cam1_16_26_03_10_11_2020.mp4_01174.jpg_Cam1_16_26_03_10_11_2020.mp4_01174,T0,1,0.1301248003233471,0.8698751996766529,0,0,1,0.12740356594218205,0.8225964340578179,0,0,1,0,1
Marseille_Cam1_16_26_03_10_11_2020.mp4_01177.jpg_Cam1_16_26_03_10_11_2020.mp4_01177,T0,1,0.12237378375773136,0.8776262162422687,0,0,1,0.12107761296093632,0.8289223870390636,0,0,1,0,1
Marseille_Cam1_16_26_03_10_11_2020.mp4_01182.jpg_Cam1_16_26_03_10_11_2020.mp4_01182,T0,1,0.0963861255879705,0.9036138744120294,0,0,1,0.0839837198672564,0.8660162801327436,0,0,1,0,1
Marseille_Cam1_16_26_03_10_11_2020.mp4_01183.jpg_Cam1_16_26_03_10_11_2020.mp4_01183,T0,1,0.07885233459271142,0.9211476654072885,0,0,1,0.0540504245704463,0.8959495754295537,0,0,1,0,1
Marseille_Cam1_16_26_03_10_11_2020.mp4_01188.jpg_Cam1_16_26_03_10_11_2020.mp4_01188,T0,1,0.09568476980103167,0.9043152301989683,0,0,1,0.09169152730730852,0.8583084726926914,0,0,1,0,1
Marseille_Cam1_16_26_03_10_11_2020.mp4_01204.jpg_Cam1_16_26_03_10_11_2020.mp4_01204,T0,1,0.1632663399621858,0.8367336600378141,0,0,1,0.1668244572568961,0.7831755427431039,0,0,1,1,0
Marseille_Cam1_16_26_03_10_11_2020.mp4_01210.jpg_Cam1_16_26_03_10_11_2020.mp4_01210,T0,1,0.10926777501833311,0.8907322249816669,0,0,1,0.12008862665973136,0.8299113733402685,0,0,1,1,0
Marseille_Cam1_16_26_03_10_11_2020.mp4_01216.jpg_Cam1_16_26_03_10_11_2020.mp4_01216,T0,1,0.12505733118842352,0.8749426688115765,0,0,1,0.10895249116703352,0.8410475088329664,0,0,1,0,1
Marseille_Cam1_16_26_03_10_11_2020.mp4_01217.jpg_Cam1_16_26_03_10_11_2020.mp4_01217,T0,1,0.02379430393490382,0.9762056960650962,0,0,1,0.04549386169011548,0.9045061383098845,0,0,1,1,0
Marseille_Cam1_16_26_03_10_11_2020.mp4_01224.jpg_Cam1_16_26_03_10_11_2020.mp4_01224,T0,1,0.12335019119824363,0.8766498088017564,0,0,1,0.10834916312689799,0.8416508368731019,0,0,1,0,1
Marseille_Cam1_16_26_03_10_11_2020.mp4_01225.jpg_Cam1_16_26_03_10_11_2020.mp4_01225,T0,1,0.1149233523126951,0.8850766476873049,0,0,1,0.11375270865632298,0.8362472913436769,0,0,1,0,1
Marseille_Cam1_16_26_03_10_11_2020.mp4_01226.jpg_Cam1_16_26_03_10_11_2020.mp4_01226,T0,1,0.09733688205049058,0.9026631179495094,0,0,1,0.1196927129921289,0.830307287007871,0,0,1,1,0
Marseille_Cam1_16_26_03_10_11_2020.mp4_01229.jpg_Cam1_16_26_03_10_11_2020.mp4_01229,T0,1,0.10881142202441926,0.8911885779755807,0,0,1,0.12644711848199305,0.8235528815180069,0,0,1,1,0
Marseille_Cam1_16_26_03_10_11_2020.mp4_01231.jpg_Cam1_16_26_03_10_11_2020.mp4_01231,T0,1,0.13739759205103502,0.8626024079489649,0,0,1,0.11484597621564693,0.835154023784353,0,0,1,0,1
Marseille_Cam1_16_26_03_10_11_2020.mp4_01232.jpg_Cam1_16_26_03_10_11_2020.mp4_01232,T0,1,0.1710772448687081,0.8289227551312919,0,0,1,0.17756670866839377,0.7724332913316062,0,0,1,1,0
Marseille_Cam1_16_26_03_10_11_2020.mp4_01234.jpg_Cam1_16_26_03_10_11_2020.mp4_01234,T0,1,0.13935368207431917,0.8606463179256808,0,0,1,0.1433679259179887,0.8066320740820112,0,0,1,1,0
Marseille_Cam1_16_26_03_10_11_2020.mp4_01235.jpg_Cam1_16_26_03_10_11_2020.mp4_01235,T0,1,0.06218102735979866,0.9378189726402013,0,0,1,0.08546750690775079,0.8645324930922491,0,0,1,1,0
Marseille_Cam1_16_26_03_10_11_2020.mp4_01236.jpg_Cam1_16_26_03_10_11_2020.mp4_01236,T0,1,0.06445029692900724,0.9355497030709927,0,0,1,0.09832161376436087,0.8516783862356391,0,0,1,1,0
Marseille_Cam1_16_26_03_10_11_2020.mp4_01242.jpg_Cam1_16_26_03_10_11_2020.mp4_01242,T0,1,0.0727192597788537,0.9272807402211463,0,0,1,0.09260596183285282,0.8573940381671471,0,0,1,1,0
Marseille_Cam1_16_26_03_10_11_2020.mp4_01253.jpg_Cam1_16_26_03_10_11_2020.mp4_01253,T0,1,0.0876745974475002,0.9123254025524998,0,0,1,0.11235824241677692,0.837641757583223,0,0,1,1,0
Marseille_Cam1_16_26_03_10_11_2020.mp4_01262.jpg_Cam1_16_26_03_10_11_2020.mp4_01262,T0,1,0.10267332046967487,0.8973266795303252,0,0,1,0.0734112427526753,0.8765887572473247,0,0,1,0,1
Marseille_Cam1_16_26_03_10_11_2020.mp4_01267.jpg_Cam1_16_26_03_10_11_2020.mp4_01267,T0,1,0.06244926220800573,0.9375507377919943,0,0,1,0.09531841847492808,0.8546815815250719,0,0,1,1,0
Marseille_Cam1_16_26_03_10_11_2020.mp4_01279.jpg_Cam1_16_26_03_10_11_2020.mp4_01279,T0,1,0.042013698110871155,0.9579863018891288,0,0,1,0.9999990000010001,-0.04999900000100006,0,1,0,1,0
Marseille_Cam1_16_26_03_10_11_2020.mp4_01285.jpg_Cam1_16_26_03_10_11_2020.mp4_01285,T0,1,0.09667108686353915,0.9033289131364608,0,0,1,0.049304164762581586,0.9006958352374184,0,0,1,0,1
Marseille_Cam1_16_26_03_10_11_2020.mp4_01292.jpg_Cam1_16_26_03_10_11_2020.mp4_01292,T0,1,0.9999990000010001,9.99998999939855e-07,0,1,0,0.9999990000010001,-0.04999900000100006,0,1,0,0,0
Marseille_Cam1_16_26_03_10_11_2020.mp4_01303.jpg_Cam1_16_26_03_10_11_2020.mp4_01303,T0,0,0.0,1.0,0,0,0,0.0,0.95,0,0,0,0,0
Marseille_Cam1_16_26_03_10_11_2020.mp4_01305.jpg_Cam1_16_26_03_10_11_2020.mp4_01305,T0,0,0.0,1.0,0,0,0,0.0,0.95,0,0,0,0,0
Marseille_Cam1_16_26_03_10_11_2020.mp4_01307.jpg_Cam1_16_26_03_10_11_2020.mp4_01307,T0,0,0.0,1.0,0,0,0,0.0,0.95,0,0,0,0,0
Marseille_Cam1_16_26_03_10_11_2020.mp4_01312.jpg_Cam1_16_26_03_10_11_2020.mp4_01312,T0,0,0.0,1.0,0,0,0,0.0,0.95,0,0,0,0,0
Marseille_Cam1_16_26_03_10_11_2020.mp4_01319.jpg_Cam1_16_26_03_10_11_2020.mp4_01319,T0,0,0.0,1.0,0,0,0,0.0,0.95,0,0,0,0,0
Marseille_Cam1_16_26_03_10_11_2020.mp4_01327.jpg_Cam1_16_26_03_10_11_2020.mp4_01327,T0,0,0.0,1.0,0,0,0,0.0,0.95,0,0,0,0,0
Marseille_Cam1_16_26_03_10_11_2020.mp4_01329.jpg_Cam1_16_26_03_10_11_2020.mp4_01329,T0,0,0.0,1.0,0,0,0,0.0,0.95,0,0,0,0,0
Marseille_Cam1_16_26_03_10_11_2020.mp4_01331.jpg_Cam1_16_26_03_10_11_2020.mp4_01331,T0,0,0.0,1.0,0,0,0,0.0,0.95,0,0,0,0,0
Marseille_Cam1_16_26_03_10_11_2020.mp4_01349.jpg_Cam1_16_26_03_10_11_2020.mp4_01349,T0,0,0.0,1.0,0,0,0,0.0,0.95,0,0,0,0,0
Marseille_Cam1_16_26_03_10_11_2020.mp4_01353.jpg_Cam1_16_26_03_10_11_2020.mp4_01353,T0,0,0.0,1.0,0,0,0,0.0,0.95,0,0,0,0,0
Marseille_Cam1_16_26_03_10_11_2020.mp4_01361.jpg_Cam1_16_26_03_10_11_2020.mp4_01361,T0,0,0.0,1.0,0,0,0,0.0,0.95,0,0,0,0,0
Marseille_Cam1_16_26_03_10_11_2020.mp4_01377.jpg_Cam1_16_26_03_10_11_2020.mp4_01377,T0,0,0.0,1.0,0,0,0,0.0,0.95,0,0,0,0,0
Marseille_Cam1_16_26_03_10_11_2020.mp4_01388.jpg_Cam1_16_26_03_10_11_2020.mp4_01388,T0,0,0.0,1.0,0,0,0,0.0,0.95,0,0,0,0,0
Marseille_Cam1_16_26_03_10_11_2020.mp4_01389.jpg_Cam1_16_26_03_10_11_2020.mp4_01389,T0,0,0.0,1.0,0,0,0,0.0,0.95,0,0,0,0,0
Marseille_Cam1_16_26_03_10_11_2020.mp4_01393.jpg_Cam1_16_26_03_10_11_2020.mp4_01393,T0,0,0.0,1.0,0,0,0,0.0,0.95,0,0,0,0,0
Marseille_Cam1_16_26_03_10_11_2020.mp4_01399.jpg_Cam1_16_26_03_10_11_2020.mp4_01399,T0,0,0.0,1.0,0,0,0,0.0,0.95,0,0,0,0,0
Marseille_Cam1_16_26_03_10_11_2020.mp4_01400.jpg_Cam1_16_26_03_10_11_2020.mp4_01400,T0,0,0.0,1.0,0,0,0,0.0,0.95,0,0,0,0,0
Marseille_Cam1_16_26_03_10_11_2020.mp4_01408.jpg_Cam1_16_26_03_10_11_2020.mp4_01408,T0,0,0.0,1.0,0,0,0,0.0,0.95,0,0,0,0,0
Marseille_Cam1_16_26_03_10_11_2020.mp4_01416.jpg_Cam1_16_26_03_10_11_2020.mp4_01416,T0,0,0.0,1.0,0,0,0,0.0,0.95,0,0,0,0,0
Marseille_Cam1_16_26_03_10_11_2020.mp4_01418.jpg_Cam1_16_26_03_10_11_2020.mp4_01418,T0,0,0.0,1.0,0,0,0,0.0,0.95,0,0,0,0,0
Marseille_Cam1_16_26_03_10_11_2020.mp4_01427.jpg_Cam1_16_26_03_10_11_2020.mp4_01427,T0,0,0.0,1.0,0,0,0,0.0,0.95,0,0,0,0,0
Marseille_Cam1_16_26_03_10_11_2020.mp4_01447.jpg_Cam1_16_26_03_10_11_2020.mp4_01447,T0,0,0.0,1.0,0,0,0,0.0,0.95,0,0,0,0,0
Marseille_Cam1_16_26_03_10_11_2020.mp4_01477.jpg_Cam1_16_26_03_10_11_2020.mp4_01477,T0,0,0.0,1.0,0,0,0,0.0,0.95,0,0,0,0,0
Marseille_Cam1_16_26_03_10_11_2020.mp4_01479.jpg_Cam1_16_26_03_10_11_2020.mp4_01479,T0,0,0.0,1.0,0,0,0,0.0,0.95,0,0,0,0,0
Marseille_Cam1_16_26_03_10_11_2020.mp4_01481.jpg_Cam1_16_26_03_10_11_2020.mp4_01481,T0,0,0.0,1.0,0,0,0,0.0,0.95,0,0,0,0,0
Marseille_Cam1_16_26_03_10_11_2020.mp4_01486.jpg_Cam1_16_26_03_10_11_2020.mp4_01486,T0,0,0.0,1.0,0,0,0,0.0,0.95,0,0,0,0,0
Marseille_Cam1_16_26_03_10_11_2020.mp4_01492.jpg_Cam1_16_26_03_10_11_2020.mp4_01492,T0,0,0.0,1.0,0,0,0,0.0,0.95,0,0,0,0,0
Marseille_Cam1_16_26_03_10_11_2020.mp4_01503.jpg_Cam1_16_26_03_10_11_2020.mp4_01503,T0,0,0.0,1.0,0,0,0,0.0,0.95,0,0,0,0,0
Marseille_Cam1_16_26_03_10_11_2020.mp4_01506.jpg_Cam1_16_26_03_10_11_2020.mp4_01506,T0,0,0.0,1.0,0,0,0,0.0,0.95,0,0,0,0,0
Marseille_Cam1_16_26_03_10_11_2020.mp4_01522.jpg_Cam1_16_26_03_10_11_2020.mp4_01522,T0,0,0.0,1.0,0,0,0,0.0,0.95,0,0,0,0,0
Marseille_Cam1_16_26_03_10_11_2020.mp4_01525.jpg_Cam1_16_26_03_10_11_2020.mp4_01525,T0,0,0.0,1.0,0,0,0,0.0,0.95,0,0,0,0,0
Marseille_Cam1_16_26_03_10_11_2020.mp4_01531.jpg_Cam1_16_26_03_10_11_2020.mp4_01531,T0,0,0.0,1.0,0,0,0,0.0,0.95,0,0,0,0,0
Marseille_Cam1_16_26_03_10_11_2020.mp4_01535.jpg_Cam1_16_26_03_10_11_2020.mp4_01535,T0,0,0.0,1.0,0,0,0,0.0,0.95,0,0,0,0,0
Marseille_Cam1_16_26_03_10_11_2020.mp4_01536.jpg_Cam1_16_26_03_10_11_2020.mp4_01536,T0,0,0.0,1.0,0,0,0,0.0,0.95,0,0,0,0,0
Marseille_Cam1_16_26_03_10_11_2020.mp4_01547.jpg_Cam1_16_26_03_10_11_2020.mp4_01547,T0,0,0.0,1.0,0,0,0,0.0,0.95,0,0,0,0,0
Marseille_Cam1_16_26_03_10_11_2020.mp4_01550.jpg_Cam1_16_26_03_10_11_2020.mp4_01550,T0,0,0.0,1.0,0,0,0,0.0,0.95,0,0,0,0,0
Marseille_Cam1_16_26_03_10_11_2020.mp4_01558.jpg_Cam1_16_26_03_10_11_2020.mp4_01558,T0,0,0.0,1.0,0,0,0,0.0,0.95,0,0,0,0,0
Marseille_Cam1_16_26_03_10_11_2020.mp4_01560.jpg_Cam1_16_26_03_10_11_2020.mp4_01560,T0,0,0.0,1.0,0,0,0,0.0,0.95,0,0,0,0,0
Marseille_Cam1_16_26_03_10_11_2020.mp4_01569.jpg_Cam1_16_26_03_10_11_2020.mp4_01569,T0,0,0.0,1.0,0,0,0,0.0,0.95,0,0,0,0,0
Marseille_Cam1_16_26_03_10_11_2020.mp4_01707.jpg_Cam1_16_26_03_10_11_2020.mp4_01707,T0,0,0.0,1.0,0,0,0,0.0,0.95,0,0,0,0,0
Marseille_Cam1_16_26_03_10_11_2020.mp4_01712.jpg_Cam1_16_26_03_10_11_2020.mp4_01712,T0,0,0.0,1.0,0,0,0,0.0,0.95,0,0,0,0,0
Marseille_Cam1_16_26_03_10_11_2020.mp4_01717.jpg_Cam1_16_26_03_10_11_2020.mp4_01717,T0,0,0.0,1.0,0,0,0,0.0,0.95,0,0,0,0,0
Marseille_Cam1_16_26_03_10_11_2020.mp4_01724.jpg_Cam1_16_26_03_10_11_2020.mp4_01724,T0,0,0.0,1.0,0,0,0,0.0,0.95,0,0,0,0,0
Marseille_Cam1_16_26_03_10_11_2020.mp4_01735.jpg_Cam1_16_26_03_10_11_2020.mp4_01735,T0,0,0.0,1.0,0,0,0,0.0,0.95,0,0,0,0,0
Marseille_Cam1_16_26_03_10_11_2020.mp4_01745.jpg_Cam1_16_26_03_10_11_2020.mp4_01745,T0,0,0.0,1.0,0,0,0,0.0,0.95,0,0,0,0,0
Marseille_Cam1_16_26_03_10_11_2020.mp4_01753.jpg_Cam1_16_26_03_10_11_2020.mp4_01753,T0,0,0.0,1.0,0,0,0,0.0,0.95,0,0,0,0,0
Marseille_Cam1_16_26_03_10_11_2020.mp4_01756.jpg_Cam1_16_26_03_10_11_2020.mp4_01756,T0,0,0.0,1.0,0,0,0,0.0,0.95,0,0,0,0,0
Marseille_Cam1_16_26_03_10_11_2020.mp4_01779.jpg_Cam1_16_26_03_10_11_2020.mp4_01779,T0,0,0.0,1.0,0,0,0,0.0,0.95,0,0,0,0,0
Marseille_Cam1_16_26_03_10_11_2020.mp4_01785.jpg_Cam1_16_26_03_10_11_2020.mp4_01785,T0,0,0.0,1.0,0,0,0,0.0,0.95,0,0,0,0,0
Marseille_Cam1_16_26_03_10_11_2020.mp4_01799.jpg_Cam1_16_26_03_10_11_2020.mp4_01799,T0,0,0.0,1.0,0,0,0,0.0,0.95,0,0,0,0,0
Marseille_Cam1_16_26_03_10_11_2020.mp4_02259.jpg_Cam1_16_26_03_10_11_2020.mp4_02259,T0,0,0.0,1.0,0,0,0,0.0,0.95,0,0,0,0,0
Marseille_Cam1_16_26_03_10_11_2020.mp4_02261.jpg_Cam1_16_26_03_10_11_2020.mp4_02261,T0,0,0.0,1.0,0,0,0,0.0,0.95,0,0,0,0,0
Marseille_Cam1_16_26_03_10_11_2020.mp4_02271.jpg_Cam1_16_26_03_10_11_2020.mp4_02271,T0,0,0.0,1.0,0,0,0,0.0,0.95,0,0,0,0,0
Marseille_Cam1_16_26_03_10_11_2020.mp4_02272.jpg_Cam1_16_26_03_10_11_2020.mp4_02272,T0,0,0.0,1.0,0,0,0,0.0,0.95,0,0,0,0,0
Marseille_Cam1_16_26_03_10_11_2020.mp4_02274.jpg_Cam1_16_26_03_10_11_2020.mp4_02274,T0,0,0.0,1.0,0,0,0,0.0,0.95,0,0,0,0,0
Marseille_Cam1_16_26_03_10_11_2020.mp4_02276.jpg_Cam1_16_26_03_10_11_2020.mp4_02276,T0,0,0.0,1.0,0,0,0,0.0,0.95,0,0,0,0,0
Marseille_Cam1_16_26_03_10_11_2020.mp4_02289.jpg_Cam1_16_26_03_10_11_2020.mp4_02289,T0,0,0.0,1.0,0,0,0,0.0,0.95,0,0,0,0,0
Marseille_Cam1_16_26_03_10_11_2020.mp4_02290.jpg_Cam1_16_26_03_10_11_2020.mp4_02290,T0,0,0.0,1.0,0,0,0,0.0,0.95,0,0,0,0,0
Marseille_Cam1_16_26_03_10_11_2020.mp4_02292.jpg_Cam1_16_26_03_10_11_2020.mp4_02292,T0,0,0.0,1.0,0,0,0,0.0,0.95,0,0,0,0,0
Marseille_Cam1_16_26_03_10_11_2020.mp4_02294.jpg_Cam1_16_26_03_10_11_2020.mp4_02294,T0,0,0.0,1.0,0,0,0,0.0,0.95,0,0,0,0,0
Marseille_Cam1_16_26_03_10_11_2020.mp4_02300.jpg_Cam1_16_26_03_10_11_2020.mp4_02300,T0,0,0.0,1.0,0,0,0,0.0,0.95,0,0,0,0,0
Marseille_Cam1_16_26_03_10_11_2020.mp4_02302.jpg_Cam1_16_26_03_10_11_2020.mp4_02302,T0,0,0.0,1.0,0,0,0,0.0,0.95,0,0,0,0,0
Marseille_Cam1_16_26_03_10_11_2020.mp4_02304.jpg_Cam1_16_26_03_10_11_2020.mp4_02304,T0,0,0.0,1.0,0,0,0,0.0,0.95,0,0,0,0,0
Marseille_Cam1_16_26_03_10_11_2020.mp4_02330.jpg_Cam1_16_26_03_10_11_2020.mp4_02330,T0,0,0.0,1.0,0,0,0,0.0,0.95,0,0,0,0,0
Marseille_Cam1_16_26_03_10_11_2020.mp4_02351.jpg_Cam1_16_26_03_10_11_2020.mp4_02351,T0,0,0.0,1.0,0,0,0,0.0,0.95,0,0,0,0,0
Marseille_Cam1_16_26_03_10_11_2020.mp4_02358.jpg_Cam1_16_26_03_10_11_2020.mp4_02358,T0,0,0.0,1.0,0,0,0,0.0,0.95,0,0,0,0,0
Marseille_Cam1_16_26_03_10_11_2020.mp4_02376.jpg_Cam1_16_26_03_10_11_2020.mp4_02376,T0,0,0.0,1.0,0,0,0,0.0,0.95,0,0,0,0,0
Marseille_Cam1_16_26_03_10_11_2020.mp4_02383.jpg_Cam1_16_26_03_10_11_2020.mp4_02383,T0,0,0.0,1.0,0,0,0,0.0,0.95,0,0,0,0,0
Marseille_Cam1_16_26_03_10_11_2020.mp4_02386.jpg_Cam1_16_26_03_10_11_2020.mp4_02386,T0,0,0.0,1.0,0,0,0,0.0,0.95,0,0,0,0,0
Marseille_Cam1_16_26_03_10_11_2020.mp4_02392.jpg_Cam1_16_26_03_10_11_2020.mp4_02392,T0,0,0.0,1.0,0,0,0,0.0,0.95,0,0,0,0,0
Marseille_Cam1_16_26_03_10_11_2020.mp4_02398.jpg_Cam1_16_26_03_10_11_2020.mp4_02398,T0,0,0.0,1.0,0,0,0,0.0,0.95,0,0,0,0,0
Marseille_Cam1_16_26_03_10_11_2020.mp4_02409.jpg_Cam1_16_26_03_10_11_2020.mp4_02409,T0,0,0.0,1.0,0,0,0,0.0,0.95,0,0,0,0,0
Marseille_Cam1_16_26_03_10_11_2020.mp4_02418.jpg_Cam1_16_26_03_10_11_2020.mp4_02418,T0,0,0.0,1.0,0,0,0,0.0,0.95,0,0,0,0,0
Marseille_Cam1_16_28_15_10_11_2020.mp4_00126.jpg_Cam1_16_28_15_10_11_2020.mp4_00126,T0,0,0.0,1.0,0,0,0,0.0,0.95,0,0,0,0,0
Marseille_Cam1_16_28_15_10_11_2020.mp4_00128.jpg_Cam1_16_28_15_10_11_2020.mp4_00128,T0,0,0.0,1.0,0,0,0,0.0,0.95,0,0,0,0,0
Marseille_Cam1_16_28_15_10_11_2020.mp4_00133.jpg_Cam1_16_28_15_10_11_2020.mp4_00133,T0,0,0.0,1.0,0,0,0,0.0,0.95,0,0,0,0,0
Marseille_Cam1_16_28_15_10_11_2020.mp4_00136.jpg_Cam1_16_28_15_10_11_2020.mp4_00136,T0,0,0.0,1.0,0,0,0,0.0,0.95,0,0,0,0,0
Marseille_Cam1_16_28_15_10_11_2020.mp4_00145.jpg_Cam1_16_28_15_10_11_2020.mp4_00145,T0,0,0.0,1.0,0,0,0,0.0,0.95,0,0,0,0,0
Marseille_Cam1_16_28_15_10_11_2020.mp4_00151.jpg_Cam1_16_28_15_10_11_2020.mp4_00151,T0,0,0.0,1.0,0,0,0,0.0,0.95,0,0,0,0,0
Marseille_Cam1_16_28_15_10_11_2020.mp4_00152.jpg_Cam1_16_28_15_10_11_2020.mp4_00152,T0,0,0.0,1.0,0,0,0,0.0,0.95,0,0,0,0,0
Marseille_Cam1_16_28_15_10_11_2020.mp4_00157.jpg_Cam1_16_28_15_10_11_2020.mp4_00157,T0,0,0.0,1.0,0,0,0,0.0,0.95,0,0,0,0,0
Marseille_Cam1_16_28_15_10_11_2020.mp4_00158.jpg_Cam1_16_28_15_10_11_2020.mp4_00158,T0,0,0.0,1.0,0,0,0,0.0,0.95,0,0,0,0,0
Marseille_Cam1_16_28_15_10_11_2020.mp4_00162.jpg_Cam1_16_28_15_10_11_2020.mp4_00162,T0,0,0.0,1.0,0,0,0,0.0,0.95,0,0,0,0,0
Marseille_Cam1_16_28_15_10_11_2020.mp4_00177.jpg_Cam1_16_28_15_10_11_2020.mp4_00177,T0,0,0.0,1.0,0,0,0,0.0,0.95,0,0,0,0,0
Marseille_Cam1_16_28_15_10_11_2020.mp4_00182.jpg_Cam1_16_28_15_10_11_2020.mp4_00182,T0,0,0.0,1.0,0,0,0,0.0,0.95,0,0,0,0,0
Marseille_Cam1_16_28_15_10_11_2020.mp4_00195.jpg_Cam1_16_28_15_10_11_2020.mp4_00195,T0,0,0.0,1.0,0,0,0,0.0,0.95,0,0,0,0,0
Marseille_Cam1_16_28_15_10_11_2020.mp4_00196.jpg_Cam1_16_28_15_10_11_2020.mp4_00196,T0,0,0.0,1.0,0,0,0,0.0,0.95,0,0,0,0,0
Marseille_Cam1_16_28_15_10_11_2020.mp4_00203.jpg_Cam1_16_28_15_10_11_2020.mp4_00203,T0,0,0.0,1.0,0,0,0,0.0,0.95,0,0,0,0,0
Marseille_Cam1_16_28_15_10_11_2020.mp4_00208.jpg_Cam1_16_28_15_10_11_2020.mp4_00208,T0,0,0.0,1.0,0,0,0,0.0,0.95,0,0,0,0,0
Marseille_Cam1_16_28_15_10_11_2020.mp4_00212.jpg_Cam1_16_28_15_10_11_2020.mp4_00212,T0,0,0.0,1.0,0,0,0,0.0,0.95,0,0,0,0,0
Marseille_Cam1_16_28_15_10_11_2020.mp4_00218.jpg_Cam1_16_28_15_10_11_2020.mp4_00218,T0,0,0.0,1.0,0,0,0,0.0,0.95,0,0,0,0,0
Marseille_Cam1_16_28_15_10_11_2020.mp4_00220.jpg_Cam1_16_28_15_10_11_2020.mp4_00220,T0,0,0.0,1.0,0,0,0,0.0,0.95,0,0,0,0,0
Marseille_Cam1_16_28_15_10_11_2020.mp4_00223.jpg_Cam1_16_28_15_10_11_2020.mp4_00223,T0,0,0.0,1.0,0,0,0,0.0,0.95,0,0,0,0,0
Marseille_Cam1_16_28_15_10_11_2020.mp4_00224.jpg_Cam1_16_28_15_10_11_2020.mp4_00224,T0,0,0.0,1.0,0,0,0,0.0,0.95,0,0,0,0,0
Marseille_Cam1_16_28_15_10_11_2020.mp4_00231.jpg_Cam1_16_28_15_10_11_2020.mp4_00231,T0,0,0.0,1.0,0,0,0,0.0,0.95,0,0,0,0,0
Marseille_Cam1_16_28_15_10_11_2020.mp4_00238.jpg_Cam1_16_28_15_10_11_2020.mp4_00238,T0,0,0.0,1.0,0,0,0,0.0,0.95,0,0,0,0,0
Marseille_Cam1_16_28_15_10_11_2020.mp4_00239.jpg_Cam1_16_28_15_10_11_2020.mp4_00239,T0,0,0.0,1.0,0,0,0,0.0,0.95,0,0,0,0,0
Marseille_Cam1_16_28_15_10_11_2020.mp4_00240.jpg_Cam1_16_28_15_10_11_2020.mp4_00240,T0,0,0.0,1.0,0,0,0,0.0,0.95,0,0,0,0,0
Marseille_Cam1_16_28_15_10_11_2020.mp4_00242.jpg_Cam1_16_28_15_10_11_2020.mp4_00242,T0,0,0.0,1.0,0,0,0,0.0,0.95,0,0,0,0,0
Marseille_Cam1_16_28_15_10_11_2020.mp4_00244.jpg_Cam1_16_28_15_10_11_2020.mp4_00244,T0,0,0.0,1.0,0,0,0,0.0,0.95,0,0,0,0,0
Marseille_Cam1_16_28_15_10_11_2020.mp4_00253.jpg_Cam1_16_28_15_10_11_2020.mp4_00253,T0,0,0.0,1.0,0,0,0,0.0,0.95,0,0,0,0,0
Marseille_Cam1_16_28_15_10_11_2020.mp4_00254.jpg_Cam1_16_28_15_10_11_2020.mp4_00254,T0,0,0.0,1.0,0,0,0,0.0,0.95,0,0,0,0,0
Marseille_Cam1_16_28_15_10_11_2020.mp4_00255.jpg_Cam1_16_28_15_10_11_2020.mp4_00255,T0,0,0.0,1.0,0,0,0,0.0,0.95,0,0,0,0,0
Marseille_Cam1_16_28_15_10_11_2020.mp4_00259.jpg_Cam1_16_28_15_10_11_2020.mp4_00259,T0,0,0.0,1.0,0,0,0,0.0,0.95,0,0,0,0,0
Marseille_Cam1_16_28_15_10_11_2020.mp4_00263.jpg_Cam1_16_28_15_10_11_2020.mp4_00263,T0,0,0.0,1.0,0,0,0,0.0,0.95,0,0,0,0,0
Marseille_Cam1_16_28_15_10_11_2020.mp4_00283.jpg_Cam1_16_28_15_10_11_2020.mp4_00283,T0,0,0.0,1.0,0,0,0,0.0,0.95,0,0,0,0,0
Marseille_Cam1_16_28_15_10_11_2020.mp4_00285.jpg_Cam1_16_28_15_10_11_2020.mp4_00285,T0,0,0.0,1.0,0,0,0,0.0,0.95,0,0,0,0,0
Marseille_Cam1_16_28_15_10_11_2020.mp4_00301.jpg_Cam1_16_28_15_10_11_2020.mp4_00301,T0,0,0.0,1.0,0,0,0,0.0,0.95,0,0,0,0,0
Marseille_Cam1_16_28_15_10_11_2020.mp4_00303.jpg_Cam1_16_28_15_10_11_2020.mp4_00303,T0,0,0.0,1.0,0,0,0,0.0,0.95,0,0,0,0,0
Marseille_Cam1_16_28_15_10_11_2020.mp4_00304.jpg_Cam1_16_28_15_10_11_2020.mp4_00304,T0,0,0.0,1.0,0,0,0,0.0,0.95,0,0,0,0,0
Marseille_Cam1_16_28_15_10_11_2020.mp4_00314.jpg_Cam1_16_28_15_10_11_2020.mp4_00314,T0,0,0.0,1.0,0,0,0,0.0,0.95,0,0,0,0,0
Marseille_Cam1_16_28_15_10_11_2020.mp4_01011.jpg_Cam1_16_28_15_10_11_2020.mp4_01011,T0,1,0.43426408658424404,0.565735913415756,0,0,1,0.4328626673353248,0.5171373326646751,0,0,1,0,1
Marseille_Cam1_16_28_15_10_11_2020.mp4_01020.jpg_Cam1_16_28_15_10_11_2020.mp4_01020,T0,1,0.0944174549116486,0.9055825450883515,0,0,1,0.07993438398448507,0.8700656160155149,0,0,1,0,1
Marseille_Cam1_16_28_15_10_11_2020.mp4_01028.jpg_Cam1_16_28_15_10_11_2020.mp4_01028,T0,1,0.0993307493068265,0.9006692506931735,0,0,1,0.16083024004582322,0.7891697599541767,0,0,1,1,0
Marseille_Cam1_16_28_15_10_11_2020.mp4_01032.jpg_Cam1_16_28_15_10_11_2020.mp4_01032,T0,1,0.023673417040141996,0.976326582959858,0,0,1,0.060215766469789454,0.8897842335302105,0,0,1,1,0
Marseille_Cam1_16_28_15_10_11_2020.mp4_01042.jpg_Cam1_16_28_15_10_11_2020.mp4_01042,T0,1,0.07078379022950249,0.9292162097704975,0,0,1,0.09379564398903555,0.8562043560109645,0,0,1,1,0
Marseille_Cam1_16_28_15_10_11_2020.mp4_01044.jpg_Cam1_16_28_15_10_11_2020.mp4_01044,T0,1,0.02246983515777107,0.9775301648422289,0,0,1,0.6773126307171274,0.27268736928287257,2,0,1,1,0
Marseille_Cam1_16_28_15_10_11_2020.mp4_01054.jpg_Cam1_16_28_15_10_11_2020.mp4_01054,T0,1,0.031303169911212105,0.9686968300887879,0,0,1,0.06053521064305144,0.8894647893569485,0,0,1,1,0
Marseille_Cam1_16_28_15_10_11_2020.mp4_01058.jpg_Cam1_16_28_15_10_11_2020.mp4_01058,T0,1,0.03743201346519057,0.9625679865348095,0,0,1,0.03224769287252203,0.9177523071274779,0,0,1,0,1
Marseille_Cam1_16_28_15_10_11_2020.mp4_01068.jpg_Cam1_16_28_15_10_11_2020.mp4_01068,T0,1,0.030370879761684896,0.9696291202383152,0,0,1,0.04579215498538389,0.904207845014616,0,0,1,1,0
Marseille_Cam1_16_28_15_10_11_2020.mp4_01074.jpg_Cam1_16_28_15_10_11_2020.mp4_01074,T0,1,0.07692606957316689,0.9230739304268332,0,0,1,0.09302540821794042,0.8569745917820595,0,0,1,1,0
Marseille_Cam1_16_28_15_10_11_2020.mp4_01075.jpg_Cam1_16_28_15_10_11_2020.mp4_01075,T0,1,0.08036918822914094,0.919630811770859,0,0,1,0.10114368317350979,0.8488563168264902,0,0,1,1,0
Marseille_Cam1_16_28_15_10_11_2020.mp4_01080.jpg_Cam1_16_28_15_10_11_2020.mp4_01080,T0,1,0.049950438387058,0.950049561612942,0,0,1,0.07212757720559441,0.8778724227944056,0,0,1,1,0
Marseille_Cam1_16_28_15_10_11_2020.mp4_01081.jpg_Cam1_16_28_15_10_11_2020.mp4_01081,T0,1,0.027381206554138088,0.9726187934458619,0,0,1,0.060031409057351284,0.8899685909426487,0,0,1,1,0
Marseille_Cam1_16_28_15_10_11_2020.mp4_01088.jpg_Cam1_16_28_15_10_11_2020.mp4_01088,T0,1,0.05459751796259903,0.945402482037401,0,0,1,0.06577009897570125,0.8842299010242987,0,0,1,1,0
Marseille_Cam1_16_28_15_10_11_2020.mp4_01094.jpg_Cam1_16_28_15_10_11_2020.mp4_01094,T0,1,0.05472975175450421,0.9452702482454958,0,0,1,0.06544777258215313,0.8845522274178468,0,0,1,1,0
Marseille_Cam1_16_28_15_10_11_2020.mp4_01095.jpg_Cam1_16_28_15_10_11_2020.mp4_01095,T0,1,0.061460633478432114,0.9385393665215679,0,0,1,0.06805320327246159,0.8819467967275384,0,0,1,1,0
Marseille_Cam1_16_28_15_10_11_2020.mp4_01098.jpg_Cam1_16_28_15_10_11_2020.mp4_01098,T0,1,0.05313108798141375,0.9468689120185863,0,0,1,0.06794158359739465,0.8820584164026053,0,0,1,1,0
Marseille_Cam1_16_33_38_10_11_2020.mp4_00363.jpg_Cam1_16_33_38_10_11_2020.mp4_00363,T0,1,0.192630507147823,0.807369492852177,0,0,1,0.1828172981881229,0.7671827018118771,0,0,1,0,1
Marseille_Cam1_16_33_38_10_11_2020.mp4_00365.jpg_Cam1_16_33_38_10_11_2020.mp4_00365,T0,1,0.15880228166407562,0.8411977183359244,0,0,1,0.13627946740020602,0.8137205325997939,0,0,1,0,1
Marseille_Cam1_16_33_38_10_11_2020.mp4_00377.jpg_Cam1_16_33_38_10_11_2020.mp4_00377,T0,1,0.081793519720495,0.918206480279505,0,0,1,0.095620474734646,0.854379525265354,0,0,1,1,0
Marseille_Cam1_16_33_38_10_11_2020.mp4_00388.jpg_Cam1_16_33_38_10_11_2020.mp4_00388,T0,1,0.14863915836421313,0.8513608416357868,0,0,1,0.13736560177923066,0.8126343982207693,0,0,1,0,1
Marseille_Cam1_16_33_38_10_11_2020.mp4_00389.jpg_Cam1_16_33_38_10_11_2020.mp4_00389,T0,1,0.14746791947385415,0.8525320805261458,0,0,1,0.14480799566691066,0.8051920043330894,0,0,1,0,1
Marseille_Cam1_16_33_38_10_11_2020.mp4_00390.jpg_Cam1_16_33_38_10_11_2020.mp4_00390,T0,1,0.12615616907365668,0.8738438309263433,0,0,1,0.11623637590571297,0.833763624094287,0,0,1,0,1
Marseille_Cam1_16_33_38_10_11_2020.mp4_00395.jpg_Cam1_16_33_38_10_11_2020.mp4_00395,T0,1,0.12367091031703135,0.8763290896829686,0,0,1,0.14639777285057803,0.8036022271494219,0,0,1,1,0
Marseille_Cam1_16_33_38_10_11_2020.mp4_00399.jpg_Cam1_16_33_38_10_11_2020.mp4_00399,T0,1,0.2392883478678734,0.7607116521321267,0,0,1,0.25711300535829507,0.6928869946417049,0,0,1,1,0
Marseille_Cam1_16_33_38_10_11_2020.mp4_00404.jpg_Cam1_16_33_38_10_11_2020.mp4_00404,T0,1,0.10968978055412353,0.8903102194458765,0,0,1,0.1027620420204661,0.8472379579795338,0,0,1,0,1
Marseille_Cam1_16_33_38_10_11_2020.mp4_00406.jpg_Cam1_16_33_38_10_11_2020.mp4_00406,T0,1,0.10020967559616231,0.8997903244038377,0,0,1,0.09644754194746676,0.8535524580525332,0,0,1,0,1
Marseille_Cam1_16_33_38_10_11_2020.mp4_00410.jpg_Cam1_16_33_38_10_11_2020.mp4_00410,T0,1,0.23405914355907873,0.7659408564409212,0,0,1,0.2364495324805988,0.7135504675194011,0,0,1,1,0
Marseille_Cam1_16_33_38_10_11_2020.mp4_00411.jpg_Cam1_16_33_38_10_11_2020.mp4_00411,T0,1,0.20961573456164917,0.7903842654383508,0,0,1,0.2043674504643491,0.7456325495356508,0,0,1,0,1
Marseille_Cam1_16_33_38_10_11_2020.mp4_00418.jpg_Cam1_16_33_38_10_11_2020.mp4_00418,T0,1,0.24725101204933916,0.7527489879506608,0,0,1,0.22829697702097274,0.7217030229790272,0,0,1,0,1
Marseille_Cam1_16_33_38_10_11_2020.mp4_00422.jpg_Cam1_16_33_38_10_11_2020.mp4_00422,T0,1,0.18659098994933526,0.8134090100506648,0,0,1,0.1989636262691865,0.7510363737308134,0,0,1,1,0
Marseille_Cam1_16_33_38_10_11_2020.mp4_00425.jpg_Cam1_16_33_38_10_11_2020.mp4_00425,T0,1,0.1353446500139787,0.8646553499860213,0,0,1,0.1476941296459637,0.8023058703540362,0,0,1,1,0
Marseille_Cam1_16_33_38_10_11_2020.mp4_00448.jpg_Cam1_16_33_38_10_11_2020.mp4_00448,T0,1,0.10544053468028321,0.8945594653197168,0,0,1,0.06859721375798615,0.8814027862420138,0,0,1,0,1
Marseille_Cam1_16_33_38_10_11_2020.mp4_00468.jpg_Cam1_16_33_38_10_11_2020.mp4_00468,T0,1,0.09455623193929089,0.9054437680607091,0,0,1,0.1393675528660034,0.8106324471339965,0,0,1,1,0
Marseille_Cam1_16_33_38_10_11_2020.mp4_00475.jpg_Cam1_16_33_38_10_11_2020.mp4_00475,T0,1,0.07627660314394626,0.9237233968560538,0,0,1,0.1237977842051044,0.8262022157948956,0,0,1,1,0
Marseille_Cam1_16_33_38_10_11_2020.mp4_00479.jpg_Cam1_16_33_38_10_11_2020.mp4_00479,T0,1,0.08426847506179339,0.9157315249382066,0,0,1,0.09927760573102026,0.8507223942689797,0,0,1,1,0
Marseille_Cam1_16_33_38_10_11_2020.mp4_00483.jpg_Cam1_16_33_38_10_11_2020.mp4_00483,T0,1,0.1302591378888049,0.8697408621111951,0,0,1,0.187066663668008,0.7629333363319919,0,0,1,1,0
Marseille_Cam1_16_33_38_10_11_2020.mp4_00488.jpg_Cam1_16_33_38_10_11_2020.mp4_00488,T0,1,0.1916053723353344,0.8083946276646656,0,0,1,0.15975165633178404,0.790248343668216,0,0,1,0,1
Marseille_Cam1_16_33_38_10_11_2020.mp4_00493.jpg_Cam1_16_33_38_10_11_2020.mp4_00493,T0,1,0.11842497178616979,0.8815750282138302,0,0,1,0.15310043489242353,0.7968995651075764,0,0,1,1,0
Marseille_Cam1_16_33_38_10_11_2020.mp4_00515.jpg_Cam1_16_33_38_10_11_2020.mp4_00515,T0,1,0.12496729825471768,0.8750327017452824,0,0,1,0.12054068632160676,0.8294593136783932,0,0,1,0,1
Marseille_Cam1_16_33_38_10_11_2020.mp4_00520.jpg_Cam1_16_33_38_10_11_2020.mp4_00520,T0,1,0.11616391370524871,0.8838360862947513,0,0,1,0.1542115258468732,0.7957884741531267,0,0,1,1,0
Marseille_Cam1_16_33_38_10_11_2020.mp4_00524.jpg_Cam1_16_33_38_10_11_2020.mp4_00524,T0,1,0.1476273268528527,0.8523726731471473,0,0,1,0.13728760706961796,0.812712392930382,0,0,1,0,1
Marseille_Cam1_16_33_38_10_11_2020.mp4_00529.jpg_Cam1_16_33_38_10_11_2020.mp4_00529,T0,1,0.11454198322548105,0.885458016774519,0,0,1,0.11002861813181962,0.8399713818681803,0,0,1,0,1
Marseille_Cam1_16_33_38_10_11_2020.mp4_00537.jpg_Cam1_16_33_38_10_11_2020.mp4_00537,T0,1,0.13329978029931203,0.866700219700688,0,0,1,0.10117249007529959,0.8488275099247004,0,0,1,0,1
Marseille_Cam1_16_33_38_10_11_2020.mp4_00550.jpg_Cam1_16_33_38_10_11_2020.mp4_00550,T0,1,0.1254900068723874,0.8745099931276126,0,0,1,0.1581654970779944,0.7918345029220055,0,0,1,1,0
Marseille_Cam1_16_33_38_10_11_2020.mp4_00565.jpg_Cam1_16_33_38_10_11_2020.mp4_00565,T0,1,0.1287666226845187,0.8712333773154813,0,0,1,0.1072882174079677,0.8427117825920323,0,0,1,0,1
Marseille_Cam1_16_33_38_10_11_2020.mp4_00572.jpg_Cam1_16_33_38_10_11_2020.mp4_00572,T0,1,0.04611153164901233,0.9538884683509876,0,0,1,0.07537038858336666,0.8746296114166333,0,0,1,1,0
Marseille_Cam1_16_33_38_10_11_2020.mp4_00585.jpg_Cam1_16_33_38_10_11_2020.mp4_00585,T0,1,0.08251585518024637,0.9174841448197536,0,0,1,0.0561348705454917,0.8938651294545082,0,0,1,0,1
Marseille_Cam1_16_33_38_10_11_2020.mp4_00586.jpg_Cam1_16_33_38_10_11_2020.mp4_00586,T0,1,0.0933440237811863,0.9066559762188137,0,0,1,0.07301578385601572,0.8769842161439843,0,0,1,0,1
Marseille_Cam1_16_33_38_10_11_2020.mp4_00587.jpg_Cam1_16_33_38_10_11_2020.mp4_00587,T0,1,0.0717722103629999,0.9282277896370001,0,0,1,0.05311347959428339,0.8968865204057166,0,0,1,0,1
Marseille_Cam1_16_33_38_10_11_2020.mp4_00591.jpg_Cam1_16_33_38_10_11_2020.mp4_00591,T0,1,0.1404621272602903,0.8595378727397097,0,0,1,0.12737872223437507,0.8226212777656249,0,0,1,0,1
Marseille_Cam1_16_33_38_10_11_2020.mp4_00598.jpg_Cam1_16_33_38_10_11_2020.mp4_00598,T0,1,0.1825582449373056,0.8174417550626945,0,0,1,0.15350997814769865,0.7964900218523013,0,0,1,0,1
Marseille_Cam1_16_33_38_10_11_2020.mp4_00609.jpg_Cam1_16_33_38_10_11_2020.mp4_00609,T0,1,0.0793102626719723,0.9206897373280277,0,0,1,0.030236852686833186,0.9197631473131668,0,0,1,0,1
Marseille_Cam1_16_33_38_10_11_2020.mp4_00620.jpg_Cam1_16_33_38_10_11_2020.mp4_00620,T0,1,0.08125034451300145,0.9187496554869985,0,0,1,0.0905161453165833,0.8594838546834167,0,0,1,1,0
Marseille_Cam1_16_33_38_10_11_2020.mp4_00621.jpg_Cam1_16_33_38_10_11_2020.mp4_00621,T0,1,0.1296651298621836,0.8703348701378164,0,0,1,0.12412490120273328,0.8258750987972667,0,0,1,0,1
Marseille_Cam1_16_33_38_10_11_2020.mp4_00628.jpg_Cam1_16_33_38_10_11_2020.mp4_00628,T0,1,0.09726456941758842,0.9027354305824116,0,0,1,0.07176085757784302,0.878239142422157,0,0,1,0,1
Marseille_Cam1_16_33_38_10_11_2020.mp4_00632.jpg_Cam1_16_33_38_10_11_2020.mp4_00632,T0,1,0.08710573603090126,0.9128942639690988,0,0,1,0.07800226650553814,0.8719977334944619,0,0,1,0,1
Marseille_Cam1_16_33_38_10_11_2020.mp4_00638.jpg_Cam1_16_33_38_10_11_2020.mp4_00638,T0,1,0.1982958679594189,0.8017041320405811,0,0,1,0.19667404029827484,0.7533259597017251,0,0,1,0,1
Marseille_Cam1_16_33_38_10_11_2020.mp4_00654.jpg_Cam1_16_33_38_10_11_2020.mp4_00654,T0,1,0.11597804564713185,0.8840219543528681,0,0,1,0.12660286647271807,0.8233971335272818,0,0,1,1,0
Marseille_Cam1_16_33_38_10_11_2020.mp4_00656.jpg_Cam1_16_33_38_10_11_2020.mp4_00656,T0,1,0.13992453616524772,0.8600754638347523,0,0,1,0.08121397183266849,0.8687860281673314,0,0,1,0,1
Marseille_Cam1_16_33_38_10_11_2020.mp4_00673.jpg_Cam1_16_33_38_10_11_2020.mp4_00673,T0,1,0.06625565296168213,0.9337443470383179,0,0,1,0.0982767808241768,0.8517232191758232,0,0,1,1,0
Marseille_Cam1_16_33_38_10_11_2020.mp4_00679.jpg_Cam1_16_33_38_10_11_2020.mp4_00679,T0,1,0.0965218302355215,0.9034781697644785,0,0,1,0.15084246919252264,0.7991575308074773,0,0,1,1,0
Marseille_Cam1_16_33_38_10_11_2020.mp4_00682.jpg_Cam1_16_33_38_10_11_2020.mp4_00682,T0,1,0.05489980596229268,0.9451001940377073,0,0,1,0.08192078177046275,0.8680792182295372,0,0,1,1,0
Marseille_Cam1_16_33_38_10_11_2020.mp4_00690.jpg_Cam1_16_33_38_10_11_2020.mp4_00690,T0,1,0.14571088512167077,0.8542891148783293,0,0,1,0.1342250801562758,0.8157749198437242,0,0,1,0,1
Marseille_Cam1_16_33_38_10_11_2020.mp4_00694.jpg_Cam1_16_33_38_10_11_2020.mp4_00694,T0,1,0.04592687316958813,0.9540731268304119,0,0,1,0.05593917374457402,0.8940608262554259,0,0,1,1,0
Marseille_Cam1_16_33_38_10_11_2020.mp4_00698.jpg_Cam1_16_33_38_10_11_2020.mp4_00698,T0,1,0.1028911034671723,0.8971088965328277,0,0,1,0.14696004858669787,0.8030399514133021,0,0,1,1,0
Marseille_Cam1_16_33_38_10_11_2020.mp4_00699.jpg_Cam1_16_33_38_10_11_2020.mp4_00699,T0,1,0.08912090014113591,0.9108790998588641,0,0,1,0.08096402829063618,0.8690359717093638,0,0,1,0,1
Marseille_Cam1_16_33_38_10_11_2020.mp4_00706.jpg_Cam1_16_33_38_10_11_2020.mp4_00706,T0,1,0.06765391976281891,0.9323460802371811,0,0,1,0.08112081196064025,0.8688791880393597,0,0,1,1,0
Marseille_Cam1_16_33_38_10_11_2020.mp4_01139.jpg_Cam1_16_33_38_10_11_2020.mp4_01139,T0,1,0.08272357351731112,0.9172764264826889,0,0,1,0.049572983809179426,0.9004270161908206,0,0,1,0,1
Marseille_Cam1_16_33_38_10_11_2020.mp4_01142.jpg_Cam1_16_33_38_10_11_2020.mp4_01142,T0,1,0.1129737332244926,0.8870262667755074,0,0,1,0.11873713692156228,0.8312628630784377,0,0,1,1,0
Marseille_Cam1_16_33_38_10_11_2020.mp4_01159.jpg_Cam1_16_33_38_10_11_2020.mp4_01159,T0,1,0.054337944876602866,0.9456620551233972,0,0,1,0.09070559075358826,0.8592944092464117,0,0,1,1,0
Marseille_Cam1_16_33_38_10_11_2020.mp4_01169.jpg_Cam1_16_33_38_10_11_2020.mp4_01169,T0,1,0.0773947578171328,0.9226052421828672,0,0,1,0.10715776305264442,0.8428422369473555,0,0,1,1,0
Marseille_Cam1_16_33_38_10_11_2020.mp4_01170.jpg_Cam1_16_33_38_10_11_2020.mp4_01170,T0,1,0.06991103569689965,0.9300889643031004,0,0,1,0.07812659137503836,0.8718734086249615,0,0,1,1,0
Marseille_Cam1_16_33_38_10_11_2020.mp4_01171.jpg_Cam1_16_33_38_10_11_2020.mp4_01171,T0,1,0.07154628512638128,0.9284537148736187,0,0,1,0.06236606515059079,0.8876339348494091,0,0,1,0,1
Marseille_Cam1_16_33_38_10_11_2020.mp4_01179.jpg_Cam1_16_33_38_10_11_2020.mp4_01179,T0,1,0.14518130849520933,0.8548186915047906,0,0,1,0.14434806783251963,0.8056519321674803,0,0,1,0,1
Marseille_Cam1_16_33_38_10_11_2020.mp4_01180.jpg_Cam1_16_33_38_10_11_2020.mp4_01180,T0,1,0.14502604769463306,0.854973952305367,0,0,1,0.14432745427665733,0.8056725457233427,0,0,1,0,1
Marseille_Cam1_16_33_38_10_11_2020.mp4_01184.jpg_Cam1_16_33_38_10_11_2020.mp4_01184,T0,1,0.06363996717601451,0.9363600328239855,0,0,1,0.05933430507775945,0.8906656949222405,0,0,1,0,1
Marseille_Cam1_16_33_38_10_11_2020.mp4_01187.jpg_Cam1_16_33_38_10_11_2020.mp4_01187,T0,1,0.10553165910241401,0.894468340897586,0,0,1,0.07803763447378387,0.8719623655262161,0,0,1,0,1
Marseille_Cam1_16_33_38_10_11_2020.mp4_01190.jpg_Cam1_16_33_38_10_11_2020.mp4_01190,T0,1,0.0884032899314111,0.9115967100685889,0,0,1,0.07824399876220542,0.8717560012377945,0,0,1,0,1
Marseille_Cam1_16_33_38_10_11_2020.mp4_01197.jpg_Cam1_16_33_38_10_11_2020.mp4_01197,T0,1,0.059371210485186475,0.9406287895148135,0,0,1,0.04672447802858885,0.9032755219714111,0,0,1,0,1
Marseille_Cam1_16_33_38_10_11_2020.mp4_01203.jpg_Cam1_16_33_38_10_11_2020.mp4_01203,T0,1,0.09646559465306345,0.9035344053469365,0,0,1,0.08505972110617183,0.8649402788938281,0,0,1,0,1
Marseille_Cam1_16_33_38_10_11_2020.mp4_01222.jpg_Cam1_16_33_38_10_11_2020.mp4_01222,T0,1,0.07724340162112536,0.9227565983788746,0,0,1,0.0892214078048248,0.8607785921951752,0,0,1,1,0
Marseille_Cam1_16_33_38_10_11_2020.mp4_01236.jpg_Cam1_16_33_38_10_11_2020.mp4_01236,T0,1,0.10949524375971299,0.890504756240287,0,0,1,0.10115274362036454,0.8488472563796354,0,0,1,0,1
Marseille_Cam1_16_33_38_10_11_2020.mp4_01241.jpg_Cam1_16_33_38_10_11_2020.mp4_01241,T0,1,0.09455146542343919,0.9054485345765608,0,0,1,0.09292119819926113,0.8570788018007388,0,0,1,0,1
Marseille_Cam1_16_33_38_10_11_2020.mp4_01253.jpg_Cam1_16_33_38_10_11_2020.mp4_01253,T0,1,0.06669812200339378,0.9333018779966062,0,0,1,0.05790350216772061,0.8920964978322794,0,0,1,0,1
Marseille_Cam1_16_33_38_10_11_2020.mp4_01264.jpg_Cam1_16_33_38_10_11_2020.mp4_01264,T0,1,0.062136819752768135,0.9378631802472319,0,0,1,0.06269704844188151,0.8873029515581184,0,0,1,1,0
Marseille_Cam1_16_33_38_10_11_2020.mp4_01267.jpg_Cam1_16_33_38_10_11_2020.mp4_01267,T0,1,0.07065950092989325,0.9293404990701067,0,0,1,0.05927054591204862,0.8907294540879513,0,0,1,0,1
Marseille_Cam1_16_33_38_10_11_2020.mp4_01271.jpg_Cam1_16_33_38_10_11_2020.mp4_01271,T0,1,0.10371073475105023,0.8962892652489498,0,0,1,0.09662326636736576,0.8533767336326342,0,0,1,0,1
Marseille_Cam1_16_33_38_10_11_2020.mp4_01282.jpg_Cam1_16_33_38_10_11_2020.mp4_01282,T0,1,0.037578448489156126,0.9624215515108439,0,0,1,0.029961590665009353,0.9200384093349906,0,0,1,0,1
Marseille_Cam1_16_33_38_10_11_2020.mp4_01283.jpg_Cam1_16_33_38_10_11_2020.mp4_01283,T0,1,0.0671801701077308,0.9328198298922692,0,0,1,0.08286064182351413,0.8671393581764858,0,0,1,1,0
Marseille_Cam1_16_33_38_10_11_2020.mp4_01288.jpg_Cam1_16_33_38_10_11_2020.mp4_01288,T0,1,0.07243141740764726,0.9275685825923528,0,0,1,0.059190971699121006,0.8908090283008789,0,0,1,0,1
Marseille_Cam1_16_33_38_10_11_2020.mp4_01289.jpg_Cam1_16_33_38_10_11_2020.mp4_01289,T0,1,0.07006036039104004,0.92993963960896,0,0,1,0.07505156882297606,0.8749484311770239,0,0,1,1,0
Marseille_Cam1_16_33_38_10_11_2020.mp4_01297.jpg_Cam1_16_33_38_10_11_2020.mp4_01297,T0,1,0.09985071319382018,0.9001492868061798,0,0,1,0.11405584256628075,0.8359441574337192,0,0,1,1,0
Marseille_Cam1_16_33_38_10_11_2020.mp4_01300.jpg_Cam1_16_33_38_10_11_2020.mp4_01300,T0,1,0.07875990570355552,0.9212400942964445,0,0,1,0.08161587702661159,0.8683841229733884,0,0,1,1,0
Marseille_Cam1_16_33_38_10_11_2020.mp4_01305.jpg_Cam1_16_33_38_10_11_2020.mp4_01305,T0,3,0.6906173153886694,0.30938268461133056,0,2,1,0.6882034369911325,0.2617965630088675,0,2,1,0,1